DATE,CLOSE,X0,X1,X2,X3,X4,X5,,
40983,2714.79,2637.18,2646.85,2646.85,2697.43,2708.41,2714.79,,
40984,2712.78,2646.85,2646.85,2697.43,2708.41,2714.79,2712.78,,
40987,2733.26,2646.85,2697.43,2708.41,2714.79,2712.78,2733.26,,
40988,2737.63,2697.43,2708.41,2714.79,2712.78,2733.26,2737.63,,
40989,2736.88,2708.41,2714.79,2712.78,2733.26,2737.63,2736.88,,
40990,2731.5,2714.79,2712.78,2733.26,2737.63,2736.88,2731.5,,
40991,2728.55,2712.78,2733.26,2737.63,2736.88,2731.5,2728.55,,
40994,2778.02,2733.26,2737.63,2736.88,2731.5,2728.55,2778.02,,
40995,2782.12,2737.63,2736.88,2731.5,2728.55,2778.02,2782.12,,
40996,2770.97,2736.88,2731.5,2728.55,2778.02,2782.12,2770.97,,
40997,2762.05,2731.5,2728.55,2778.02,2782.12,2770.97,2762.05,,
40998,2755.27,2728.55,2778.02,2782.12,2770.97,2762.05,2755.27,,
41001,2784.42,2778.02,2782.12,2770.97,2762.05,2755.27,2784.42,,
41002,2782.78,2782.12,2770.97,2762.05,2755.27,2784.42,2782.78,,
41003,2745,2770.97,2762.05,2755.27,2784.42,2782.78,2745,,
41004,2762.5,2762.05,2755.27,2784.42,2782.78,2745,2762.5,,
41008,2739.98,2755.27,2784.42,2782.78,2745,2762.5,2739.98,,
41009,2695.12,2784.42,2782.78,2745,2762.5,2739.98,2695.12,,
41010,2708.13,2782.78,2745,2762.5,2739.98,2695.12,2708.13,,
41011,2740.26,2745,2762.5,2739.98,2695.12,2708.13,2740.26,,
41012,2698.99,2762.5,2739.98,2695.12,2708.13,2740.26,2698.99,,
41015,2670.1,2739.98,2695.12,2708.13,2740.26,2698.99,2670.1,,
41016,2723.58,2695.12,2708.13,2740.26,2698.99,2670.1,2723.58,,
41017,2716.14,2708.13,2740.26,2698.99,2670.1,2723.58,2716.14,,
41018,2686.82,2740.26,2698.99,2670.1,2723.58,2716.14,2686.82,,
41019,2676.04,2698.99,2670.1,2723.58,2716.14,2686.82,2676.04,,
41022,2653.5,2670.1,2723.58,2716.14,2686.82,2676.04,2653.5,,
41023,2638.73,2723.58,2716.14,2686.82,2676.04,2653.5,2638.73,,
41024,2709.62,2716.14,2686.82,2676.04,2653.5,2638.73,2709.62,,
41025,2725.23,2686.82,2676.04,2653.5,2638.73,2709.62,2725.23,,
41026,2741.34,2676.04,2653.5,2638.73,2709.62,2725.23,2741.34,,
41029,2723.68,2653.5,2638.73,2709.62,2725.23,2741.34,2723.68,,
41030,2726.92,2638.73,2709.62,2725.23,2741.34,2723.68,2726.92,,
41031,2734.77,2709.62,2725.23,2741.34,2723.68,2726.92,2734.77,,
41032,2704.59,2725.23,2741.34,2723.68,2726.92,2734.77,2704.59,,
41033,2637.92,2741.34,2723.68,2726.92,2734.77,2704.59,2637.92,,
41036,2639.28,2723.68,2726.92,2734.77,2704.59,2637.92,2639.28,,
41037,2629.87,2726.92,2734.77,2704.59,2637.92,2639.28,2629.87,,
41038,2621.35,2734.77,2704.59,2637.92,2639.28,2629.87,2621.35,,
41039,2616.24,2704.59,2637.92,2639.28,2629.87,2621.35,2616.24,,
41040,2615.98,2637.92,2639.28,2629.87,2621.35,2616.24,2615.98,,
41043,2590.28,2639.28,2629.87,2621.35,2616.24,2615.98,2590.28,,
41044,2580.75,2629.87,2621.35,2616.24,2615.98,2590.28,2580.75,,
41045,2561.56,2621.35,2616.24,2615.98,2590.28,2580.75,2561.56,,
41046,2509.05,2616.24,2615.98,2590.28,2580.75,2561.56,2509.05,,
41047,2478.53,2615.98,2590.28,2580.75,2561.56,2509.05,2478.53,,
41050,2545.43,2590.28,2580.75,2561.56,2509.05,2478.53,2545.43,,
41051,2539.2,2580.75,2561.56,2509.05,2478.53,2545.43,2539.2,,
41052,2547.08,2561.56,2509.05,2478.53,2545.43,2539.2,2547.08,,
41053,2531.35,2509.05,2478.53,2545.43,2539.2,2547.08,2531.35,,
41054,2527.05,2478.53,2545.43,2539.2,2547.08,2531.35,2527.05,,
41058,2558.97,2545.43,2539.2,2547.08,2531.35,2527.05,2558.97,,
41059,2537.4,2539.2,2547.08,2531.35,2527.05,2558.97,2537.4,,
41060,2524.87,2547.08,2531.35,2527.05,2558.97,2537.4,2524.87,,
41061,2458.83,2531.35,2527.05,2558.97,2537.4,2524.87,2458.83,,
41064,2478.13,2527.05,2558.97,2537.4,2524.87,2458.83,2478.13,,
41065,2487.5,2558.97,2537.4,2524.87,2458.83,2478.13,2487.5,,
41066,2546.32,2537.4,2524.87,2458.83,2478.13,2487.5,2546.32,,
41067,2535.41,2524.87,2458.83,2478.13,2487.5,2546.32,2535.41,,
41068,2559.21,2458.83,2478.13,2487.5,2546.32,2535.41,2559.21,,
41071,2517.18,2478.13,2487.5,2546.32,2535.41,2559.21,2517.18,,
41072,2546.2,2487.5,2546.32,2535.41,2559.21,2517.18,2546.2,,
41073,2527.44,2546.32,2535.41,2559.21,2517.18,2546.2,2527.44,,
41074,2539.97,2535.41,2559.21,2517.18,2546.2,2527.44,2539.97,,
41075,2571.23,2559.21,2517.18,2546.2,2527.44,2539.97,2571.23,,
41078,2592.52,2517.18,2546.2,2527.44,2539.97,2571.23,2592.52,,
41079,2620.83,2546.2,2527.44,2539.97,2571.23,2592.52,2620.83,,
41080,2623.33,2527.44,2539.97,2571.23,2592.52,2620.83,2623.33,,
41081,2556.96,2539.97,2571.23,2592.52,2620.83,2623.33,2556.96,,
41082,2585.53,2571.23,2592.52,2620.83,2623.33,2556.96,2585.53,,
41085,2533.54,2592.52,2620.83,2623.33,2556.96,2585.53,2533.54,,
41086,2549.84,2620.83,2623.33,2556.96,2585.53,2533.54,2549.84,,
41087,2565.53,2623.33,2556.96,2585.53,2533.54,2549.84,2565.53,,
41088,2536.65,2556.96,2585.53,2533.54,2549.84,2565.53,2536.65,,
41089,2615.72,2585.53,2533.54,2549.84,2565.53,2536.65,2615.72,,
41092,2625.03,2533.54,2549.84,2565.53,2536.65,2615.72,2625.03,,
41093,2645.84,2549.84,2565.53,2536.65,2615.72,2625.03,2645.84,,
41095,2647.47,2565.53,2536.65,2615.72,2625.03,2645.84,2647.47,,
41096,2612.29,2536.65,2615.72,2625.03,2645.84,2647.47,2612.29,,
41099,2610.31,2615.72,2625.03,2645.84,2647.47,2612.29,2610.31,,
41100,2585.52,2625.03,2645.84,2647.47,2612.29,2610.31,2585.52,,
41101,2570.99,2645.84,2647.47,2612.29,2610.31,2585.52,2570.99,,
41102,2545.3,2647.47,2612.29,2610.31,2585.52,2570.99,2545.3,,
41103,2584.97,2612.29,2610.31,2585.52,2570.99,2545.3,2584.97,,
41106,2577.05,2610.31,2585.52,2570.99,2545.3,2584.97,2577.05,,
41107,2591.65,2585.52,2570.99,2545.3,2584.97,2577.05,2591.65,,
41108,2625.87,2570.99,2545.3,2584.97,2577.05,2591.65,2625.87,,
41109,2655.81,2545.3,2584.97,2577.05,2591.65,2625.87,2655.81,,
41110,2618.04,2584.97,2577.05,2591.65,2625.87,2655.81,2618.04,,
41113,2589.93,2577.05,2591.65,2625.87,2655.81,2618.04,2589.93,,
41114,2567.46,2591.65,2625.87,2655.81,2618.04,2589.93,2567.46,,
41115,2549.2,2625.87,2655.81,2618.04,2589.93,2567.46,2549.2,,
41116,2584.85,2655.81,2618.04,2589.93,2567.46,2549.2,2584.85,,
41117,2647.03,2618.04,2589.93,2567.46,2549.2,2584.85,2647.03,,
41120,2642.12,2589.93,2567.46,2549.2,2584.85,2647.03,2642.12,,
41121,2642.53,2567.46,2549.2,2584.85,2647.03,2642.12,2642.53,,
41122,2635.13,2549.2,2584.85,2647.03,2642.12,2642.53,2635.13,,
41123,2625.52,2584.85,2647.03,2642.12,2642.53,2635.13,2625.52,,
41124,2676,2647.03,2642.12,2642.53,2635.13,2625.52,2676,,
41127,2694.09,2642.12,2642.53,2635.13,2625.52,2676,2694.09,,
41128,2717.16,2642.53,2635.13,2625.52,2676,2694.09,2717.16,,
41129,2714.02,2635.13,2625.52,2676,2694.09,2717.16,2714.02,,
41130,2719.61,2625.52,2676,2694.09,2717.16,2714.02,2719.61,,
41131,2722.96,2676,2694.09,2717.16,2714.02,2719.61,2722.96,,
41134,2728.68,2694.09,2717.16,2714.02,2719.61,2722.96,2728.68,,
41135,2727.79,2717.16,2714.02,2719.61,2722.96,2728.68,2727.79,,
41136,2735.47,2714.02,2719.61,2722.96,2728.68,2727.79,2735.47,,
41137,2768.09,2719.61,2722.96,2728.68,2727.79,2735.47,2768.09,,
41138,2780.3,2722.96,2728.68,2727.79,2735.47,2768.09,2780.3,,
41141,2784.33,2728.68,2727.79,2735.47,2768.09,2780.3,2784.33,,
41142,2772.201,2727.79,2735.47,2768.09,2780.3,2784.33,2772.201,,
41143,2783.417,2735.47,2768.09,2780.3,2784.33,2772.201,2783.417,,
41144,2762.021,2768.09,2780.3,2784.33,2772.201,2783.417,2762.021,,
41145,2778.053,2780.3,2784.33,2772.201,2783.417,2762.021,2778.053,,
41148,2782.546,2784.33,2772.201,2783.417,2762.021,2778.053,2782.546,,
41149,2782.689,2772.201,2783.417,2762.021,2778.053,2782.546,2782.689,,
41150,2783.997,2783.417,2762.021,2778.053,2782.546,2782.689,2783.997,,
41151,2753.74,2762.021,2778.053,2782.546,2782.689,2783.997,2753.74,,
41152,2772.236,2778.053,2782.546,2782.689,2783.997,2753.74,2772.236,,
41156,2772.027,2782.546,2782.689,2783.997,2753.74,2772.236,2772.027,,
41157,2766.954,2782.689,2783.997,2753.74,2772.236,2772.027,2766.954,,
41158,2829.708,2783.997,2753.74,2772.236,2772.027,2766.954,2829.708,,
41159,2825.107,2753.74,2772.236,2772.027,2766.954,2829.708,2825.107,,
41162,2788.352,2772.236,2772.027,2766.954,2829.708,2825.107,2788.352,,
41163,2784.893,2772.027,2766.954,2829.708,2825.107,2788.352,2784.893,,
41164,2791.684,2766.954,2829.708,2825.107,2788.352,2784.893,2791.684,,
41165,2831.346,2829.708,2825.107,2788.352,2784.893,2791.684,2831.346,,
41166,2855.234,2825.107,2788.352,2784.893,2791.684,2831.346,2855.234,,
41169,2856.439,2788.352,2784.893,2791.684,2831.346,2855.234,2856.439,,
41170,2857.383,2784.893,2791.684,2831.346,2855.234,2856.439,2857.383,,
41171,2864.033,2791.684,2831.346,2855.234,2856.439,2857.383,2864.033,,
41172,2861.697,2831.346,2855.234,2856.439,2857.383,2864.033,2861.697,,
41173,2861.637,2855.234,2856.439,2857.383,2864.033,2861.697,2861.637,,
41176,2843.984,2856.439,2857.383,2864.033,2861.697,2861.637,2843.984,,
41177,2804.528,2857.383,2864.033,2861.697,2861.637,2843.984,2804.528,,
41178,2781.63,2864.033,2861.697,2861.637,2843.984,2804.528,2781.63,,
41179,2821.596,2861.697,2861.637,2843.984,2804.528,2781.63,2821.596,,
41180,2799.193,2861.637,2843.984,2804.528,2781.63,2821.596,2799.193,,
41183,2794.275,2843.984,2804.528,2781.63,2821.596,2799.193,2794.275,,
41184,2799.288,2804.528,2781.63,2821.596,2799.193,2794.275,2799.288,,
41185,2818.838,2781.63,2821.596,2799.193,2794.275,2799.288,2818.838,,
41186,2828.599,2821.596,2799.193,2794.275,2799.288,2818.838,2828.599,,
41187,2811.944,2799.193,2794.275,2799.288,2818.838,2828.599,2811.944,,
41190,2786.924,2794.275,2799.288,2818.838,2828.599,2811.944,2786.924,,
41191,2741.92,2799.288,2818.838,2828.599,2811.944,2786.924,2741.92,,
41192,2728.544,2818.838,2828.599,2811.944,2786.924,2741.92,2728.544,,
41193,2719.206,2828.599,2811.944,2786.924,2741.92,2728.544,2719.206,,
41194,2720.143,2811.944,2786.924,2741.92,2728.544,2719.206,2720.143,,
41197,2739.875,2786.924,2741.92,2728.544,2719.206,2720.143,2739.875,,
41198,2778.378,2741.92,2728.544,2719.206,2720.143,2739.875,2778.378,,
41199,2775.624,2728.544,2719.206,2720.143,2739.875,2778.378,2775.624,,
41200,2744.169,2719.206,2720.143,2739.875,2778.378,2775.624,2744.169,,
41201,2678.315,2720.143,2739.875,2778.378,2775.624,2744.169,2678.315,,
41204,2694.557,2739.875,2778.378,2775.624,2744.169,2678.315,2694.557,,
41205,2666.02,2778.378,2775.624,2744.169,2678.315,2694.557,2666.02,,
41206,2655.554,2775.624,2744.169,2678.315,2694.557,2666.02,2655.554,,
41207,2657.657,2744.169,2678.315,2694.557,2666.02,2655.554,2657.657,,
41208,2665.833,2678.315,2694.557,2666.02,2655.554,2657.657,2665.833,,
41213,2647.919,2694.557,2666.02,2655.554,2657.657,2665.833,2647.919,,
41214,2687.515,2666.02,2655.554,2657.657,2665.833,2647.919,2687.515,,
41215,2656.275,2655.554,2657.657,2665.833,2647.919,2687.515,2656.275,,
41218,2672.908,2657.657,2665.833,2647.919,2687.515,2656.275,2672.908,,
41219,2681.049,2665.833,2647.919,2687.515,2656.275,2672.908,2681.049,,
41220,2612.686,2647.919,2687.515,2656.275,2672.908,2681.049,2612.686,,
41221,2572.567,2687.515,2656.275,2672.908,2681.049,2612.686,2572.567,,
41222,2584.098,2656.275,2672.908,2681.049,2612.686,2572.567,2584.098,,
41225,2582.774,2672.908,2681.049,2612.686,2572.567,2584.098,2582.774,,
41226,2561.859,2681.049,2612.686,2572.567,2584.098,2582.774,2561.859,,
41227,2531.87,2612.686,2572.567,2584.098,2582.774,2561.859,2531.87,,
41228,2524.356,2572.567,2584.098,2582.774,2561.859,2531.87,2524.356,,
41229,2534.156,2584.098,2582.774,2561.859,2531.87,2524.356,2534.156,,
41232,2595.828,2582.774,2561.859,2531.87,2524.356,2534.156,2595.828,,
41233,2594.664,2561.859,2531.87,2524.356,2534.156,2595.828,2594.664,,
41234,2600.477,2531.87,2524.356,2534.156,2595.828,2594.664,2600.477,,
41236,2639.59,2524.356,2534.156,2595.828,2594.664,2600.477,2639.59,,
41239,2651.669,2534.156,2595.828,2594.664,2600.477,2639.59,2651.669,,
41240,2641.423,2595.828,2594.664,2600.477,2639.59,2651.669,2641.423,,
41241,2665.27,2594.664,2600.477,2639.59,2651.669,2641.423,2665.27,,
41242,2680.034,2600.477,2639.59,2651.669,2641.423,2665.27,2680.034,,
41243,2677.879,2639.59,2651.669,2641.423,2665.27,2680.034,2677.879,,
41246,2671.836,2651.669,2641.423,2665.27,2680.034,2677.879,2671.836,,
41247,2667.887,2641.423,2665.27,2680.034,2677.879,2671.836,2667.887,,
41248,2637.89,2665.27,2680.034,2677.879,2671.836,2667.887,2637.89,,
41249,2656.3,2680.034,2677.879,2671.836,2667.887,2637.89,2656.3,,
41250,2640.539,2677.879,2671.836,2667.887,2637.89,2656.3,2640.539,,
41253,2647.571,2671.836,2667.887,2637.89,2656.3,2640.539,2647.571,,
41254,2682.068,2667.887,2637.89,2656.3,2640.539,2647.571,2682.068,,
41255,2674.567,2637.89,2656.3,2640.539,2647.571,2682.068,2674.567,,
41256,2654.014,2656.3,2640.539,2647.571,2682.068,2674.567,2654.014,,
41257,2628.091,2640.539,2647.571,2682.068,2674.567,2654.014,2628.091,,
41260,2664.26,2647.571,2682.068,2674.567,2654.014,2628.091,2664.26,,
41261,2705.386,2682.068,2674.567,2654.014,2628.091,2664.26,2705.386,,
41262,2690.99,2674.567,2654.014,2628.091,2664.26,2705.386,2690.99,,
41263,2693.552,2654.014,2628.091,2664.26,2705.386,2690.99,2693.552,,
41264,2664.674,2628.091,2664.26,2705.386,2690.99,2693.552,2664.674,,
41267,2658.046,2664.26,2705.386,2690.99,2693.552,2664.674,2658.046,,
41269,2637.182,2705.386,2690.99,2693.552,2664.674,2658.046,2637.182,,
41270,2632.938,2690.99,2693.552,2664.674,2658.046,2637.182,2632.938,,
41271,2606.359,2693.552,2664.674,2658.046,2637.182,2632.938,2606.359,,
41274,2660.931,2664.674,2658.046,2637.182,2632.938,2606.359,2660.931,,
41276,2746.474,2658.046,2637.182,2632.938,2606.359,2660.931,2746.474,,
41277,2732.258,2637.182,2632.938,2606.359,2660.931,2746.474,2732.258,,
41278,2724.491,2632.938,2606.359,2660.931,2746.474,2732.258,2724.491,,
41281,2724.219,2606.359,2660.931,2746.474,2732.258,2724.491,2724.219,,
41282,2718.72,2660.931,2746.474,2732.258,2724.491,2724.219,2718.72,,
41283,2727.65,2746.474,2732.258,2724.491,2724.219,2718.72,2727.65,,
41284,2744.181,2732.258,2724.491,2724.219,2718.72,2727.65,2744.181,,
41285,2748.261,2724.491,2724.219,2718.72,2727.65,2744.181,2748.261,,
41288,2735.703,2724.219,2718.72,2727.65,2744.181,2748.261,2735.703,,
41289,2722.983,2718.72,2727.65,2744.181,2748.261,2735.703,2722.983,,
41290,2734.726,2727.65,2744.181,2748.261,2735.703,2722.983,2734.726,,
41291,2747.147,2744.181,2748.261,2735.703,2722.983,2734.726,2747.147,,
41292,2743.239,2748.261,2735.703,2722.983,2734.726,2747.147,2743.239,,
41296,2746.185,2735.703,2722.983,2734.726,2747.147,2743.239,2746.185,,
41297,2762.169,2722.983,2734.726,2747.147,2743.239,2746.185,2762.169,,
41298,2723.531,2734.726,2747.147,2743.239,2746.185,2762.169,2723.531,,
41299,2736.73,2747.147,2743.239,2746.185,2762.169,2723.531,2736.73,,
41302,2742.434,2743.239,2746.185,2762.169,2723.531,2736.73,2742.434,,
41303,2743.58,2746.185,2762.169,2723.531,2736.73,2742.434,2743.58,,
41304,2738.714,2762.169,2723.531,2736.73,2742.434,2743.58,2738.714,,
41305,2731.533,2723.531,2736.73,2742.434,2743.58,2738.714,2731.533,,
41306,2763.962,2736.73,2742.434,2743.58,2738.714,2731.533,2763.962,,
41309,2715.684,2742.434,2743.58,2738.714,2731.533,2763.962,2715.684,,
41310,2754.989,2743.58,2738.714,2731.533,2763.962,2715.684,2754.989,,
41311,2746.345,2738.714,2731.533,2763.962,2715.684,2754.989,2746.345,,
41312,2746.501,2731.533,2763.962,2715.684,2754.989,2746.345,2746.501,,
41313,2775.558,2763.962,2715.684,2754.989,2746.345,2746.501,2775.558,,
41316,2774.636,2715.684,2754.989,2746.345,2746.501,2775.558,2774.636,,
41317,2762.62,2754.989,2746.345,2746.501,2775.558,2774.636,2762.62,,
41318,2773.768,2746.345,2746.501,2775.558,2774.636,2762.62,2773.768,,
41319,2771.429,2746.501,2775.558,2774.636,2762.62,2773.768,2771.429,,
41320,2764.667,2775.558,2774.636,2762.62,2773.768,2771.429,2764.667,,
41324,2782.855,2774.636,2762.62,2773.768,2771.429,2764.667,2782.855,,
41325,2739.989,2762.62,2773.768,2771.429,2764.667,2782.855,2739.989,,
41326,2711.511,2773.768,2771.429,2764.667,2782.855,2739.989,2711.511,,
41327,2737.283,2771.429,2764.667,2782.855,2739.989,2711.511,2737.283,,
41330,2700.967,2764.667,2782.855,2739.989,2711.511,2737.283,2700.967,,
41331,2713.016,2782.855,2739.989,2711.511,2737.283,2700.967,2713.016,,
41332,2741.256,2739.989,2711.511,2737.283,2700.967,2713.016,2741.256,,
41333,2738.584,2711.511,2737.283,2700.967,2713.016,2741.256,2738.584,,
41334,2747.752,2737.283,2700.967,2713.016,2741.256,2738.584,2747.752,,
41337,2759.534,2700.967,2713.016,2741.256,2738.584,2747.752,2759.534,,
41338,2799.246,2713.016,2741.256,2738.584,2747.752,2759.534,2799.246,,
41339,2792.56,2741.256,2738.584,2747.752,2759.534,2799.246,2792.56,,
41340,2799.488,2738.584,2747.752,2759.534,2799.246,2792.56,2799.488,,
41341,2804.112,2747.752,2759.534,2799.246,2792.56,2799.488,2804.112,,
41344,2811.857,2759.534,2799.246,2792.56,2799.488,2804.112,2811.857,,
41345,2800.809,2799.246,2792.56,2799.488,2804.112,2811.857,2800.809,,
41346,2798.682,2792.56,2799.488,2804.112,2811.857,2800.809,2798.682,,
41347,2807.3,2799.488,2804.112,2811.857,2800.809,2798.682,2807.3,,
41348,2799.408,2804.112,2811.857,2800.809,2798.682,2807.3,2799.408,,
41351,2792.298,2811.857,2800.809,2798.682,2807.3,2799.408,2792.298,,
41352,2787.272,2800.809,2798.682,2807.3,2799.408,2792.298,2787.272,,
41353,2805.91,2798.682,2807.3,2799.408,2792.298,2787.272,2805.91,,
41354,2774.852,2807.3,2799.408,2792.298,2787.272,2805.91,2774.852,,
41355,2800.806,2799.408,2792.298,2787.272,2805.91,2774.852,2800.806,,
41358,2789.448,2792.298,2787.272,2805.91,2774.852,2800.806,2789.448,,
41359,2806.496,2787.272,2805.91,2774.852,2800.806,2789.448,2806.496,,
41360,2809.985,2805.91,2774.852,2800.806,2789.448,2806.496,2809.985,,
41361,2818.69,2774.852,2800.806,2789.448,2806.496,2809.985,2818.69,,
41365,2797.067,2800.806,2789.448,2806.496,2809.985,2818.69,2797.067,,
41366,2820.624,2789.448,2806.496,2809.985,2818.69,2797.067,2820.624,,
41367,2795.037,2806.496,2809.985,2818.69,2797.067,2820.624,2795.037,,
41368,2794.925,2809.985,2818.69,2797.067,2820.624,2795.037,2794.925,,
41369,2771.751,2818.69,2797.067,2820.624,2795.037,2794.925,2771.751,,
41372,2786.129,2797.067,2820.624,2795.037,2794.925,2771.751,2786.129,,
41373,2804.666,2820.624,2795.037,2794.925,2771.751,2786.129,2804.666,,
41374,2859.209,2795.037,2794.925,2771.751,2786.129,2804.666,2859.209,,
41375,2859.069,2794.925,2771.751,2786.129,2804.666,2859.209,2859.069,,
41376,2856.481,2771.751,2786.129,2804.666,2859.209,2859.069,2856.481,,
41379,2797.474,2786.129,2804.666,2859.209,2859.069,2856.481,2797.474,,
41380,2838.408,2804.666,2859.209,2859.069,2856.481,2797.474,2838.408,,
41381,2781.977,2859.209,2859.069,2856.481,2797.474,2838.408,2781.977,,
41382,2741.949,2859.069,2856.481,2797.474,2838.408,2781.977,2741.949,,
41383,2780.464,2856.481,2797.474,2838.408,2781.977,2741.949,2780.464,,
41386,2810.07,2797.474,2838.408,2781.977,2741.949,2780.464,2810.07,,
41387,2835.367,2838.408,2781.977,2741.949,2780.464,2810.07,2835.367,,
41388,2834.118,2781.977,2741.949,2780.464,2810.07,2835.367,2834.118,,
41389,2848.655,2741.949,2780.464,2810.07,2835.367,2834.118,2848.655,,
41390,2840.546,2780.464,2810.07,2835.367,2834.118,2848.655,2840.546,,
41393,2866.946,2810.07,2835.367,2834.118,2848.655,2840.546,2866.946,,
41394,2887.442,2835.367,2834.118,2848.655,2840.546,2866.946,2887.442,,
41395,2873.346,2834.118,2848.655,2840.546,2866.946,2887.442,2873.346,,
41396,2911.135,2848.655,2840.546,2866.946,2887.442,2873.346,2911.135,,
41397,2944.591,2840.546,2866.946,2887.442,2873.346,2911.135,2944.591,,
41400,2955.363,2866.946,2887.442,2873.346,2911.135,2944.591,2955.363,,
41401,2952.883,2887.442,2873.346,2911.135,2944.591,2955.363,2952.883,,
41402,2968.24,2873.346,2911.135,2944.591,2955.363,2952.883,2968.24,,
41403,2961.12,2911.135,2944.591,2955.363,2952.883,2968.24,2961.12,,
41404,2981.019,2944.591,2955.363,2952.883,2968.24,2961.12,2981.019,,
41407,2982.09,2955.363,2952.883,2968.24,2961.12,2981.019,2982.09,,
41408,2996.047,2952.883,2968.24,2961.12,2981.019,2982.09,2996.047,,
41409,3002.622,2968.24,2961.12,2981.019,2982.09,2996.047,3002.622,,
41410,2999.343,2961.12,2981.019,2982.09,2996.047,3002.622,2999.343,,
41411,3028.957,2981.019,2982.09,2996.047,3002.622,2999.343,3028.957,,
41414,3020.972,2982.09,2996.047,3002.622,2999.343,3028.957,3020.972,,
41415,3026.451,2996.047,3002.622,2999.343,3028.957,3020.972,3026.451,,
41416,2999.127,3002.622,2999.343,3028.957,3020.972,3026.451,2999.127,,
41417,2991.451,2999.343,3028.957,3020.972,3026.451,2999.127,2991.451,,
41418,2991.024,3028.957,3020.972,3026.451,2999.127,2991.451,2991.024,,
41422,3011.939,3020.972,3026.451,2999.127,2991.451,2991.024,3011.939,,
41423,2994.821,3026.451,2999.127,2991.451,2991.024,3011.939,2994.821,,
41424,3011.832,2999.127,2991.451,2991.024,3011.939,2994.821,3011.832,,
41425,2981.756,2991.451,2991.024,3011.939,2994.821,3011.832,2981.756,,
41428,2990.788,2991.024,3011.939,2994.821,3011.832,2981.756,2990.788,,
41429,2973.694,3011.939,2994.821,3011.832,2981.756,2990.788,2973.694,,
41430,2937.141,2994.821,3011.832,2981.756,2990.788,2973.694,2937.141,,
41431,2950.304,3011.832,2981.756,2990.788,2973.694,2937.141,2950.304,,
41432,2990.869,2981.756,2990.788,2973.694,2937.141,2950.304,2990.869,,
41435,2990.491,2990.788,2973.694,2937.141,2950.304,2990.869,2990.491,,
41436,2959.844,2973.694,2937.141,2950.304,2990.869,2990.491,2959.844,,
41437,2926.137,2937.141,2950.304,2990.869,2990.491,2959.844,2926.137,,
41438,2962.901,2950.304,2990.869,2990.491,2959.844,2926.137,2962.901,,
41439,2943.862,2990.869,2990.491,2959.844,2926.137,2962.901,2943.862,,
41442,2971.258,2990.491,2959.844,2926.137,2962.901,2943.862,2971.258,,
41443,2996.089,2959.844,2926.137,2962.901,2943.862,2971.258,2996.089,,
41444,2959.502,2926.137,2962.901,2943.862,2971.258,2996.089,2959.502,,
41445,2890.332,2962.901,2943.862,2971.258,2996.089,2959.502,2890.332,,
41446,2877.945,2943.862,2971.258,2996.089,2959.502,2890.332,2877.945,,
41449,2848.198,2971.258,2996.089,2959.502,2890.332,2877.945,2848.198,,
41450,2866.497,2996.089,2959.502,2890.332,2877.945,2848.198,2866.497,,
41451,2893.854,2959.502,2890.332,2877.945,2848.198,2866.497,2893.854,,
41452,2906.84,2890.332,2877.945,2848.198,2866.497,2893.854,2906.84,,
41453,2909.599,2877.945,2848.198,2866.497,2893.854,2906.84,2909.599,,
41456,2927.346,2848.198,2866.497,2893.854,2906.84,2909.599,2927.346,,
41457,2929.634,2866.497,2893.854,2906.84,2909.599,2927.346,2929.634,,
41458,2941.41,2893.854,2906.84,2909.599,2927.346,2929.634,2941.41,,
41460,2963.219,2906.84,2909.599,2927.346,2929.634,2941.41,2963.219,,
41463,2966.134,2909.599,2927.346,2929.634,2941.41,2963.219,2966.134,,
41464,2984.323,2927.346,2929.634,2941.41,2963.219,2966.134,2984.323,,
41465,3000.657,2929.634,2941.41,2963.219,2966.134,2984.323,3000.657,,
41466,3059.456,2941.41,2963.219,2966.134,2984.323,3000.657,3059.456,,
41467,3079.074,2963.219,2966.134,2984.323,3000.657,3059.456,3079.074,,
41470,3079.851,2966.134,2984.323,3000.657,3059.456,3079.074,3079.851,,
41471,3077.468,2984.323,3000.657,3059.456,3079.074,3079.851,3077.468,,
41472,3085.277,3000.657,3059.456,3079.074,3079.851,3077.468,3085.277,,
41473,3077.816,3059.456,3079.074,3079.851,3077.468,3085.277,3077.816,,
41474,3044.925,3079.074,3079.851,3077.468,3085.277,3077.816,3044.925,,
41477,3055.225,3079.851,3077.468,3085.277,3077.816,3044.925,3055.225,,
41478,3031.399,3077.468,3085.277,3077.816,3044.925,3055.225,3031.399,,
41479,3041.155,3085.277,3077.816,3044.925,3055.225,3031.399,3041.155,,
41480,3061.672,3077.816,3044.925,3055.225,3031.399,3041.155,3061.672,,
41481,3076.228,3044.925,3055.225,3031.399,3041.155,3061.672,3076.228,,
41484,3068.953,3055.225,3031.399,3041.155,3061.672,3076.228,3068.953,,
41485,3085.332,3031.399,3041.155,3061.672,3076.228,3068.953,3085.332,,
41486,3090.185,3041.155,3061.672,3076.228,3068.953,3085.332,3090.185,,
41487,3126.301,3061.672,3076.228,3068.953,3085.332,3090.185,3126.301,,
41488,3143.52,3076.228,3068.953,3085.332,3090.185,3126.301,3143.52,,
41491,3143.187,3068.953,3085.332,3090.185,3126.301,3143.52,3143.187,,
41492,3122.198,3085.332,3090.185,3126.301,3143.52,3143.187,3122.198,,
41493,3118.694,3090.185,3126.301,3143.52,3143.187,3122.198,3118.694,,
41494,3130.125,3126.301,3143.52,3143.187,3122.198,3118.694,3130.125,,
41495,3118.572,3143.52,3143.187,3122.198,3118.694,3130.125,3118.572,,
41498,3125.925,3143.187,3122.198,3118.694,3130.125,3118.572,3125.925,,
41499,3141.064,3122.198,3118.694,3130.125,3118.572,3125.925,3141.064,,
41500,3129.446,3118.694,3130.125,3118.572,3125.925,3141.064,3129.446,,
41501,3076.231,3130.125,3118.572,3125.925,3141.064,3129.446,3076.231,,
41502,3073.914,3118.572,3125.925,3141.064,3129.446,3076.231,3073.914,,
41505,3069.76,3125.925,3141.064,3129.446,3076.231,3073.914,3069.76,,
41506,3082.169,3141.064,3129.446,3076.231,3073.914,3069.76,3082.169,,
41507,3071.467,3129.446,3076.231,3073.914,3069.76,3082.169,3071.467,,
41508,3101.819,3076.231,3073.914,3069.76,3082.169,3071.467,3101.819,,
41509,3124.267,3073.914,3069.76,3082.169,3071.467,3101.819,3124.267,,
41512,3122.673,3069.76,3082.169,3071.467,3101.819,3124.267,3122.673,,
41513,3059.578,3082.169,3071.467,3101.819,3124.267,3122.673,3059.578,,
41514,3072.174,3071.467,3101.819,3124.267,3122.673,3059.578,3072.174,,
41515,3093.36,3101.819,3124.267,3122.673,3059.578,3072.174,3093.36,,
41516,3073.813,3124.267,3122.673,3059.578,3072.174,3093.36,3073.813,,
41520,3091.758,3122.673,3059.578,3072.174,3093.36,3073.813,3091.758,,
41521,3124.54,3059.578,3072.174,3093.36,3073.813,3091.758,3124.54,,
41522,3129.938,3072.174,3093.36,3073.813,3091.758,3124.54,3129.938,,
41523,3133.376,3093.36,3073.813,3091.758,3124.54,3129.938,3133.376,,
41526,3169.928,3073.813,3091.758,3124.54,3129.938,3133.376,3169.928,,
41527,3185.069,3091.758,3124.54,3129.938,3133.376,3169.928,3185.069,,
41528,3179.863,3124.54,3129.938,3133.376,3169.928,3185.069,3179.863,,
41529,3175.566,3129.938,3133.376,3169.928,3185.069,3179.863,3175.566,,
41530,3178.275,3133.376,3169.928,3185.069,3179.863,3175.566,3178.275,,
41533,3168.688,3169.928,3185.069,3179.863,3175.566,3178.275,3168.688,,
41534,3190.831,3185.069,3179.863,3175.566,3178.275,3168.688,3190.831,,
41535,3231.308,3179.863,3175.566,3178.275,3168.688,3190.831,3231.308,,
41536,3237.611,3175.566,3178.275,3168.688,3190.831,3231.308,3237.611,,
41537,3224.733,3178.275,3168.688,3190.831,3231.308,3237.611,3224.733,,
41540,3219.342,3168.688,3190.831,3231.308,3237.611,3224.733,3219.342,,
41541,3218.658,3190.831,3231.308,3237.611,3224.733,3219.342,3218.658,,
41542,3208.549,3231.308,3237.611,3224.733,3219.342,3218.658,3208.549,,
41543,3234.036,3237.611,3224.733,3219.342,3218.658,3208.549,3234.036,,
41544,3230.305,3224.733,3219.342,3218.658,3208.549,3234.036,3230.305,,
41547,3218.198,3219.342,3218.658,3208.549,3234.036,3230.305,3218.198,,
41548,3253.045,3218.658,3208.549,3234.036,3230.305,3218.198,3253.045,,
41549,3253.255,3208.549,3234.036,3230.305,3218.198,3253.045,3253.255,,
41550,3213.833,3234.036,3230.305,3218.198,3253.045,3253.255,3213.833,,
41551,3242.574,3230.305,3218.198,3253.045,3253.255,3213.833,3242.574,,
41554,3215.694,3218.198,3253.045,3253.255,3213.833,3242.574,3215.694,,
41555,3153.869,3253.045,3253.255,3213.833,3242.574,3215.694,3153.869,,
41556,3142.535,3253.255,3213.833,3242.574,3215.694,3153.869,3142.535,,
41557,3210.843,3213.833,3242.574,3215.694,3153.869,3142.535,3210.843,,
41558,3233.826,3242.574,3215.694,3153.869,3142.535,3210.843,3233.826,,
41561,3256.021,3215.694,3153.869,3142.535,3210.843,3233.826,3256.021,,
41562,3244.663,3153.869,3142.535,3210.843,3233.826,3256.021,3244.663,,
41563,3281.668,3142.535,3210.843,3233.826,3256.021,3244.663,3281.668,,
41564,3301.278,3210.843,3233.826,3256.021,3244.663,3281.668,3301.278,,
41565,3353.876,3233.826,3256.021,3244.663,3281.668,3301.278,3353.876,,
41568,3361.179,3256.021,3244.663,3281.668,3301.278,3353.876,3361.179,,
41569,3366.929,3244.663,3281.668,3301.278,3353.876,3361.179,3366.929,,
41570,3346.05,3281.668,3301.278,3353.876,3361.179,3366.929,3346.05,,
41571,3362.375,3301.278,3353.876,3361.179,3366.929,3346.05,3362.375,,
41572,3383.828,3353.876,3361.179,3366.929,3346.05,3362.375,3383.828,,
41575,3382.676,3361.179,3366.929,3346.05,3362.375,3383.828,3382.676,,
41576,3391.747,3366.929,3346.05,3362.375,3383.828,3382.676,3391.747,,
41577,3385.378,3346.05,3362.375,3383.828,3382.676,3391.747,3385.378,,
41578,3377.731,3362.375,3383.828,3382.676,3391.747,3385.378,3377.731,,
41579,3379.764,3383.828,3382.676,3391.747,3385.378,3377.731,3379.764,,
41582,3384.746,3382.676,3391.747,3385.378,3377.731,3379.764,3384.746,,
41583,3388.823,3391.747,3385.378,3377.731,3379.764,3384.746,3388.823,,
41584,3385.379,3385.378,3377.731,3379.764,3384.746,3388.823,3385.379,,
41585,3321.411,3377.731,3379.764,3384.746,3388.823,3385.379,3321.411,,
41586,3366.841,3379.764,3384.746,3388.823,3385.379,3321.411,3366.841,,
41589,3362.975,3384.746,3388.823,3385.379,3321.411,3366.841,3362.975,,
41590,3365.225,3388.823,3385.379,3321.411,3366.841,3362.975,3365.225,,
41591,3405.565,3385.379,3321.411,3366.841,3362.975,3365.225,3405.565,,
41592,3415.137,3321.411,3366.841,3362.975,3365.225,3405.565,3415.137,,
41593,3422.579,3366.841,3362.975,3365.225,3405.565,3415.137,3422.579,,
41596,3388.871,3362.975,3365.225,3405.565,3415.137,3422.579,3388.871,,
41597,3378.133,3365.225,3405.565,3415.137,3422.579,3388.871,3378.133,,
41598,3367.167,3405.565,3415.137,3422.579,3388.871,3378.133,3367.167,,
41599,3402.735,3415.137,3422.579,3388.871,3378.133,3367.167,3402.735,,
41600,3422.016,3422.579,3388.871,3378.133,3367.167,3402.735,3422.016,,
41603,3427.489,3388.871,3378.133,3367.167,3402.735,3422.016,3427.489,,
41604,3445.764,3378.133,3367.167,3402.735,3422.016,3427.489,3445.764,,
41605,3470.477,3367.167,3402.735,3422.016,3427.489,3445.764,3470.477,,
41607,3487.82,3402.735,3422.016,3427.489,3445.764,3470.477,3487.82,,
41610,3481.151,3422.016,3427.489,3445.764,3470.477,3487.82,3481.151,,
41611,3479.336,3427.489,3445.764,3470.477,3487.82,3481.151,3479.336,,
41612,3483.006,3445.764,3470.477,3487.82,3481.151,3479.336,3483.006,,
41613,3477.727,3470.477,3487.82,3481.151,3479.336,3483.006,3477.727,,
41614,3504.258,3487.82,3481.151,3479.336,3483.006,3477.727,3504.258,,
41617,3516.172,3481.151,3479.336,3483.006,3477.727,3504.258,3516.172,,
41618,3514.204,3479.336,3483.006,3477.727,3504.258,3516.172,3514.204,,
41619,3468.994,3483.006,3477.727,3504.258,3516.172,3514.204,3468.994,,
41620,3460.292,3477.727,3504.258,3516.172,3514.204,3468.994,3460.292,,
41621,3456.401,3504.258,3516.172,3514.204,3468.994,3460.292,3456.401,,
41624,3475.794,3516.172,3514.204,3468.994,3460.292,3456.401,3475.794,,
41625,3469.319,3514.204,3468.994,3460.292,3456.401,3475.794,3469.319,,
41626,3509.627,3468.994,3460.292,3456.401,3475.794,3469.319,3509.627,,
41627,3498.626,3460.292,3456.401,3475.794,3469.319,3509.627,3498.626,,
41628,3531.189,3456.401,3475.794,3469.319,3509.627,3498.626,3531.189,,
41631,3569.396,3475.794,3469.319,3509.627,3498.626,3531.189,3569.396,,
41632,3572.795,3469.319,3509.627,3498.626,3531.189,3569.396,3572.795,,
41634,3584.576,3509.627,3498.626,3531.189,3569.396,3572.795,3584.576,,
41635,3574.02,3498.626,3531.189,3569.396,3572.795,3584.576,3574.02,,
41638,3570.08,3531.189,3569.396,3572.795,3584.576,3574.02,3570.08,,
41639,3591.996,3569.396,3572.795,3584.576,3574.02,3570.08,3591.996,,
41641,3563.567,3572.795,3584.576,3574.02,3570.08,3591.996,3563.567,,
41642,3538.731,3584.576,3574.02,3570.08,3591.996,3563.567,3538.731,,
41645,3526.958,3574.02,3570.08,3591.996,3563.567,3538.731,3526.958,,
41646,3557.854,3570.08,3591.996,3563.567,3538.731,3526.958,3557.854,,
41647,3567.536,3591.996,3563.567,3538.731,3526.958,3557.854,3567.536,,
41648,3552.575,3563.567,3538.731,3526.958,3557.854,3567.536,3552.575,,
41649,3565.082,3538.731,3526.958,3557.854,3567.536,3552.575,3565.082,,
41652,3512.797,3526.958,3557.854,3567.536,3552.575,3565.082,3512.797,,
41653,3580.646,3557.854,3567.536,3552.575,3565.082,3512.797,3580.646,,
41654,3609.84,3567.536,3552.575,3565.082,3512.797,3580.646,3609.84,,
41655,3611.287,3552.575,3565.082,3512.797,3580.646,3609.84,3611.287,,
41656,3591.246,3565.082,3512.797,3580.646,3609.84,3611.287,3591.246,,
41660,3617.703,3512.797,3580.646,3609.84,3611.287,3591.246,3617.703,,
41661,3627.72,3580.646,3609.84,3611.287,3591.246,3617.703,3627.72,,
41662,3613.755,3609.84,3611.287,3591.246,3617.703,3627.72,3613.755,,
41663,3541.481,3611.287,3591.246,3617.703,3627.72,3613.755,3541.481,,
41666,3509.02,3591.246,3617.703,3627.72,3613.755,3541.481,3509.02,,
41667,3505.716,3617.703,3627.72,3613.755,3541.481,3509.02,3505.716,,
41668,3467.819,3627.72,3613.755,3541.481,3509.02,3505.716,3467.819,,
41669,3532.409,3613.755,3541.481,3509.02,3505.716,3467.819,3532.409,,
41670,3521.922,3541.481,3509.02,3505.716,3467.819,3532.409,3521.922,,
41673,3440.502,3509.02,3505.716,3467.819,3532.409,3521.922,3440.502,,
41674,3470.204,3505.716,3467.819,3532.409,3521.922,3440.502,3470.204,,
41675,3454.895,3467.819,3532.409,3521.922,3440.502,3470.204,3454.895,,
41676,3497.595,3532.409,3521.922,3440.502,3470.204,3454.895,3497.595,,
41677,3561.907,3521.922,3440.502,3470.204,3454.895,3497.595,3561.907,,
41680,3582.111,3440.502,3470.204,3454.895,3497.595,3561.907,3582.111,,
41681,3621.719,3470.204,3454.895,3497.595,3561.907,3582.111,3621.719,,
41682,3627.358,3454.895,3497.595,3561.907,3582.111,3621.719,3627.358,,
41683,3659.563,3497.595,3561.907,3582.111,3621.719,3627.358,3659.563,,
41684,3663.878,3561.907,3582.111,3621.719,3627.358,3659.563,3663.878,,
41688,3679.428,3582.111,3621.719,3627.358,3659.563,3663.878,3679.428,,
41689,3652.845,3621.719,3627.358,3659.563,3663.878,3679.428,3652.845,,
41690,3671.931,3627.358,3659.563,3663.878,3679.428,3652.845,3671.931,,
41691,3662.604,3659.563,3663.878,3679.428,3652.845,3671.931,3662.604,,
41694,3685.814,3663.878,3679.428,3652.845,3671.931,3662.604,3685.814,,
41695,3679.143,3679.428,3652.845,3671.931,3662.604,3685.814,3679.143,,
41696,3676.601,3652.845,3671.931,3662.604,3685.814,3679.143,3676.601,,
41697,3699.8,3671.931,3662.604,3685.814,3679.143,3676.601,3699.8,,
41698,3696.098,3662.604,3685.814,3679.143,3676.601,3699.8,3696.098,,
41701,3668.368,3685.814,3679.143,3676.601,3699.8,3696.098,3668.368,,
41702,3719.927,3679.143,3676.601,3699.8,3696.098,3668.368,3719.927,,
41703,3727.185,3676.601,3699.8,3696.098,3668.368,3719.927,3727.185,,
41704,3720.93,3699.8,3696.098,3668.368,3719.927,3727.185,3720.93,,
41705,3703.404,3696.098,3668.368,3719.927,3727.185,3720.93,3703.404,,
41708,3706.343,3668.368,3719.927,3727.185,3720.93,3703.404,3706.343,,
41709,3691.501,3719.927,3727.185,3720.93,3703.404,3706.343,3691.501,,
41710,3707.063,3727.185,3720.93,3703.404,3706.343,3691.501,3707.063,,
41711,3651.494,3720.93,3703.404,3706.343,3691.501,3707.063,3651.494,,
41712,3627.87,3703.404,3706.343,3691.501,3707.063,3651.494,3627.87,,
41715,3662.51,3706.343,3691.501,3707.063,3651.494,3627.87,3662.51,,
41716,3706.624,3691.501,3707.063,3651.494,3627.87,3662.51,3706.624,,
41717,3682.735,3707.063,3651.494,3627.87,3662.51,3706.624,3682.735,,
41718,3693.969,3651.494,3627.87,3662.51,3706.624,3682.735,3693.969,,
41719,3653.069,3627.87,3662.51,3706.624,3682.735,3693.969,3653.069,,
41722,3617.391,3662.51,3706.624,3682.735,3693.969,3653.069,3617.391,,
41723,3629.73,3706.624,3682.735,3693.969,3653.069,3617.391,3629.73,,
41724,3582.889,3682.735,3693.969,3653.069,3617.391,3629.73,3582.889,,
41725,3563.134,3693.969,3653.069,3617.391,3629.73,3582.889,3563.134,,
41726,3571.485,3653.069,3617.391,3629.73,3582.889,3563.134,3571.485,,
41729,3595.736,3617.391,3629.73,3582.889,3563.134,3571.485,3595.736,,
41730,3658.396,3629.73,3582.889,3563.134,3571.485,3595.736,3658.396,,
41731,3665.991,3582.889,3563.134,3571.485,3595.736,3658.396,3665.991,,
41732,3637.577,3563.134,3571.485,3595.736,3658.396,3665.991,3637.577,,
41733,3539.376,3571.485,3595.736,3658.396,3665.991,3637.577,3539.376,,
41736,3507.751,3595.736,3658.396,3665.991,3637.577,3539.376,3507.751,,
41737,3538.226,3658.396,3665.991,3637.577,3539.376,3507.751,3538.226,,
41738,3600.438,3665.991,3637.577,3539.376,3507.751,3538.226,3600.438,,
41739,3487.763,3637.577,3539.376,3507.751,3538.226,3600.438,3487.763,,
41740,3446.845,3539.376,3507.751,3538.226,3600.438,3487.763,3446.845,,
41743,3474.633,3507.751,3538.226,3600.438,3487.763,3446.845,3474.633,,
41744,3487.853,3538.226,3600.438,3487.763,3446.845,3474.633,3487.853,,
41745,3533.086,3600.438,3487.763,3446.845,3474.633,3487.853,3533.086,,
41746,3534.532,3487.763,3446.845,3474.633,3487.853,3533.086,3534.532,,
41750,3559.947,3446.845,3474.633,3487.853,3533.086,3534.532,3559.947,,
41751,3588.805,3474.633,3487.853,3533.086,3534.532,3559.947,3588.805,,
41752,3557.036,3487.853,3533.086,3534.532,3559.947,3588.805,3557.036,,
41753,3591.029,3533.086,3534.532,3559.947,3588.805,3557.036,3591.029,,
41754,3533.095,3534.532,3559.947,3588.805,3557.036,3591.029,3533.095,,
41757,3545.025,3559.947,3588.805,3557.036,3591.029,3533.095,3545.025,,
41758,3573.99,3588.805,3557.036,3591.029,3533.095,3545.025,3573.99,,
41759,3582.02,3557.036,3591.029,3533.095,3545.025,3573.99,3582.02,,
41760,3594.362,3591.029,3533.095,3545.025,3573.99,3582.02,3594.362,,
41761,3587.644,3533.095,3545.025,3573.99,3582.02,3594.362,3587.644,,
41764,3605.092,3545.025,3573.99,3582.02,3594.362,3587.644,3605.092,,
41765,3556.509,3573.99,3582.02,3594.362,3587.644,3605.092,3556.509,,
41766,3546.473,3582.02,3594.362,3587.644,3605.092,3556.509,3546.473,,
41767,3540.419,3594.362,3587.644,3605.092,3556.509,3546.473,3540.419,,
41768,3555.698,3587.644,3605.092,3556.509,3546.473,3540.419,3555.698,,
41771,3612.726,3605.092,3556.509,3546.473,3540.419,3555.698,3612.726,,
41772,3611.131,3556.509,3546.473,3540.419,3555.698,3612.726,3611.131,,
41773,3593.249,3546.473,3540.419,3555.698,3612.726,3611.131,3593.249,,
41774,3565.174,3540.419,3555.698,3612.726,3611.131,3593.249,3565.174,,
41775,3587.199,3555.698,3612.726,3611.131,3593.249,3565.174,3587.199,,
41778,3615.617,3612.726,3611.131,3593.249,3565.174,3587.199,3615.617,,
41779,3600.308,3611.131,3593.249,3565.174,3587.199,3615.617,3600.308,,
41780,3635.614,3593.249,3565.174,3587.199,3615.617,3600.308,3635.614,,
41781,3650.863,3565.174,3587.199,3615.617,3600.308,3635.614,3650.863,,
41782,3677.334,3587.199,3615.617,3600.308,3635.614,3650.863,3677.334,,
41786,3723.065,3615.617,3600.308,3635.614,3650.863,3677.334,3723.065,,
41787,3712.261,3600.308,3635.614,3650.863,3677.334,3723.065,3712.261,,
41788,3735.721,3635.614,3650.863,3677.334,3723.065,3712.261,3735.721,,
41789,3736.821,3650.863,3677.334,3723.065,3712.261,3735.721,3736.821,,
41792,3732.961,3677.334,3723.065,3712.261,3735.721,3736.821,3732.961,,
41793,3730.072,3723.065,3712.261,3735.721,3736.821,3732.961,3730.072,,
41794,3743.594,3712.261,3735.721,3736.821,3732.961,3730.072,3743.594,,
41795,3776.95,3735.721,3736.821,3732.961,3730.072,3743.594,3776.95,,
41796,3794.57,3736.821,3732.961,3730.072,3743.594,3776.95,3794.57,,
41799,3795.743,3732.961,3730.072,3743.594,3776.95,3794.57,3795.743,,
41800,3800.86,3730.072,3743.594,3776.95,3794.57,3795.743,3800.86,,
41801,3797.85,3743.594,3776.95,3794.57,3795.743,3800.86,3797.85,,
41802,3763.803,3776.95,3794.57,3795.743,3800.86,3797.85,3763.803,,
41803,3775.564,3794.57,3795.743,3800.86,3797.85,3763.803,3775.564,,
41806,3779.933,3795.743,3800.86,3797.85,3763.803,3775.564,3779.933,,
41807,3781.319,3800.86,3797.85,3763.803,3775.564,3779.933,3781.319,,
41808,3804.606,3797.85,3763.803,3775.564,3779.933,3781.319,3804.606,,
41809,3800.797,3763.803,3775.564,3779.933,3781.319,3804.606,3800.797,,
41810,3802.638,3775.564,3779.933,3781.319,3804.606,3800.797,3802.638,,
41813,3805.313,3779.933,3781.319,3804.606,3800.797,3802.638,3805.313,,
41814,3799.53,3781.319,3804.606,3800.797,3802.638,3805.313,3799.53,,
41815,3827.329,3804.606,3800.797,3802.638,3805.313,3799.53,3827.329,,
41816,3826.912,3800.797,3802.638,3805.313,3799.53,3827.329,3826.912,,
41817,3844.438,3802.638,3805.313,3799.53,3827.329,3826.912,3844.438,,
41820,3849.479,3805.313,3799.53,3827.329,3826.912,3844.438,3849.479,,
41821,3894.329,3799.53,3827.329,3826.912,3844.438,3849.479,3894.329,,
41822,3899.27,3827.329,3826.912,3844.438,3849.479,3894.329,3899.27,,
41823,3923.01,3826.912,3844.438,3849.479,3894.329,3899.27,3923.01,,
41827,3910.708,3844.438,3849.479,3894.329,3899.27,3923.01,3910.708,,
41828,3864.065,3849.479,3894.329,3899.27,3923.01,3910.708,3864.065,,
41829,3892.914,3894.329,3899.27,3923.01,3910.708,3864.065,3892.914,,
41830,3880.038,3899.27,3923.01,3910.708,3864.065,3892.914,3880.038,,
41831,3904.579,3923.01,3910.708,3864.065,3892.914,3880.038,3904.579,,
41834,3929.464,3910.708,3864.065,3892.914,3880.038,3904.579,3929.464,,
41835,3914.455,3864.065,3892.914,3880.038,3904.579,3929.464,3914.455,,
41836,3932.334,3892.914,3880.038,3904.579,3929.464,3914.455,3932.334,,
41837,3878.008,3880.038,3904.579,3929.464,3914.455,3932.334,3878.008,,
41838,3939.894,3904.579,3929.464,3914.455,3932.334,3878.008,3939.894,,
41841,3934.136,3929.464,3914.455,3932.334,3878.008,3939.894,3934.136,,
41842,3961.623,3914.455,3932.334,3878.008,3939.894,3934.136,3961.623,,
41843,3986.192,3932.334,3878.008,3939.894,3934.136,3961.623,3986.192,,
41844,3983.188,3878.008,3939.894,3934.136,3961.623,3986.192,3983.188,,
41845,3965.165,3939.894,3934.136,3961.623,3986.192,3983.188,3965.165,,
41848,3967.244,3934.136,3961.623,3986.192,3983.188,3965.165,3967.244,,
41849,3959.033,3961.623,3986.192,3983.188,3965.165,3967.244,3959.033,,
41850,3976.066,3986.192,3983.188,3965.165,3967.244,3959.033,3976.066,,
41851,3892.496,3983.188,3965.165,3967.244,3959.033,3976.066,3892.496,,
41852,3879.67,3965.165,3967.244,3959.033,3976.066,3892.496,3879.67,,
41855,3908.77,3967.244,3959.033,3976.066,3892.496,3879.67,3908.77,,
41856,3874.941,3959.033,3976.066,3892.496,3879.67,3908.77,3874.941,,
41857,3874.267,3976.066,3892.496,3879.67,3908.77,3874.941,3874.267,,
41858,3857.938,3892.496,3879.67,3908.77,3874.941,3874.267,3857.938,,
41859,3888.092,3879.67,3908.77,3874.941,3874.267,3857.938,3888.092,,
41862,3910.461,3908.77,3874.941,3874.267,3857.938,3888.092,3910.461,,
41863,3905.225,3874.941,3874.267,3857.938,3888.092,3910.461,3905.225,,
41864,3949.203,3874.267,3857.938,3888.092,3910.461,3905.225,3949.203,,
41865,3969.114,3857.938,3888.092,3910.461,3905.225,3949.203,3969.114,,
41866,3987.511,3888.092,3910.461,3905.225,3949.203,3969.114,3987.511,,
41869,4020.496,3910.461,3905.225,3949.203,3969.114,3987.511,4020.496,,
41870,4040.13,3905.225,3949.203,3969.114,3987.511,4020.496,4040.13,,
41871,4040.705,3949.203,3969.114,3987.511,4020.496,4040.13,4040.705,,
41872,4047.026,3969.114,3987.511,4020.496,4040.13,4040.705,4047.026,,
41873,4052.752,3987.511,4020.496,4040.13,4040.705,4047.026,4052.752,,
41876,4067.476,4020.496,4040.13,4040.705,4047.026,4052.752,4067.476,,
41877,4071.67,4040.13,4040.705,4047.026,4052.752,4067.476,4071.67,,
41878,4073.177,4040.705,4047.026,4052.752,4067.476,4071.67,4073.177,,
41879,4066.273,4047.026,4052.752,4067.476,4071.67,4073.177,4066.273,,
41880,4082.559,4052.752,4067.476,4071.67,4073.177,4066.273,4082.559,,
41884,4095.81,4067.476,4071.67,4073.177,4066.273,4082.559,4095.81,,
41885,4070.957,4071.67,4073.177,4066.273,4082.559,4095.81,4070.957,,
41886,4066.131,4073.177,4066.273,4082.559,4095.81,4070.957,4066.131,,
41887,4089.918,4066.273,4082.559,4095.81,4070.957,4066.131,4089.918,,
41890,4095.465,4082.559,4095.81,4070.957,4066.131,4089.918,4095.465,,
41891,4061.88,4095.81,4070.957,4066.131,4089.918,4095.465,4061.88,,
41892,4094.97,4070.957,4066.131,4089.918,4095.465,4061.88,4094.97,,
41893,4092.646,4066.131,4089.918,4095.465,4061.88,4094.97,4092.646,,
41894,4069.233,4089.918,4095.465,4061.88,4094.97,4092.646,4069.233,,
41897,4029.886,4095.465,4061.88,4094.97,4092.646,4069.233,4029.886,,
41898,4067.274,4061.88,4094.97,4092.646,4069.233,4029.886,4067.274,,
41899,4073.567,4094.97,4092.646,4069.233,4029.886,4067.274,4073.567,,
41900,4103.083,4092.646,4069.233,4029.886,4067.274,4073.567,4103.083,,
41901,4100.093,4069.233,4029.886,4067.274,4073.567,4103.083,4100.093,,
41904,4061.234,4029.886,4067.274,4073.567,4103.083,4100.093,4061.234,,
41905,4051.573,4067.274,4073.567,4103.083,4100.093,4061.234,4051.573,,
41906,4094.313,4073.567,4103.083,4100.093,4061.234,4051.573,4094.313,,
41907,4007.821,4103.083,4100.093,4061.234,4051.573,4094.313,4007.821,,
41908,4053.719,4100.093,4061.234,4051.573,4094.313,4007.821,4053.719,,
41911,4047.176,4061.234,4051.573,4094.313,4007.821,4053.719,4047.176,,
41912,4049.445,4051.573,4094.313,4007.821,4053.719,4047.176,4049.445,,
41913,3984.743,4094.313,4007.821,4053.719,4047.176,4049.445,3984.743,,
41914,3985.867,4007.821,4053.719,4047.176,4049.445,3984.743,3985.867,,
41915,4027.307,4053.719,4047.176,4049.445,3984.743,3985.867,4027.307,,
41918,4016.266,4047.176,4049.445,3984.743,3985.867,4027.307,4016.266,,
41919,3958.589,4049.445,3984.743,3985.867,4027.307,4016.266,3958.589,,
41920,4041.123,3984.743,3985.867,4027.307,4016.266,3958.589,4041.123,,
41921,3969.321,3985.867,4027.307,4016.266,3958.589,4041.123,3969.321,,
41922,3870.855,4027.307,4016.266,3958.589,4041.123,3969.321,3870.855,,
41925,3807.996,4016.266,3958.589,4041.123,3969.321,3870.855,3807.996,,
41926,3810.452,3958.589,4041.123,3969.321,3870.855,3807.996,3810.452,,
41927,3785.974,4041.123,3969.321,3870.855,3807.996,3810.452,3785.974,,
41928,3765.281,3969.321,3870.855,3807.996,3810.452,3785.974,3765.281,,
41929,3815.47,3870.855,3807.996,3810.452,3785.974,3765.281,3815.47,,
41932,3870.078,3807.996,3810.452,3785.974,3765.281,3815.47,3870.078,,
41933,3971.392,3810.452,3785.974,3765.281,3815.47,3870.078,3971.392,,
41934,3949.587,3785.974,3765.281,3815.47,3870.078,3971.392,3949.587,,
41935,4012.268,3765.281,3815.47,3870.078,3971.392,3949.587,4012.268,,
41936,4042.017,3815.47,3870.078,3971.392,3949.587,4012.268,4042.017,,
41939,4046.015,3870.078,3971.392,3949.587,4012.268,4042.017,4046.015,,
41940,4106.625,3971.392,3949.587,4012.268,4042.017,4046.015,4106.625,,
41941,4090.553,3949.587,4012.268,4042.017,4046.015,4106.625,4090.553,,
41942,4100.637,4012.268,4042.017,4046.015,4106.625,4090.553,4100.637,,
41943,4158.21,4042.017,4046.015,4106.625,4090.553,4100.637,4158.21,,
41946,4169.285,4046.015,4106.625,4090.553,4100.637,4158.21,4169.285,,
41947,4156.228,4106.625,4090.553,4100.637,4158.21,4169.285,4156.228,,
41948,4153.269,4090.553,4100.637,4158.21,4169.285,4156.228,4153.269,,
41949,4164.081,4100.637,4158.21,4169.285,4156.228,4153.269,4164.081,,
41950,4160.505,4158.21,4169.285,4156.228,4153.269,4164.081,4160.505,,
41953,4175.946,4169.285,4156.228,4153.269,4164.081,4160.505,4175.946,,
41954,4187.164,4156.228,4153.269,4164.081,4160.505,4175.946,4187.164,,
41955,4195.401,4153.269,4164.081,4160.505,4175.946,4187.164,4195.401,,
41956,4213.485,4164.081,4160.505,4175.946,4187.164,4195.401,4213.485,,
41957,4224.986,4160.505,4175.946,4187.164,4195.401,4213.485,4224.986,,
41960,4213.789,4175.946,4187.164,4195.401,4213.485,4224.986,4213.789,,
41961,4242.186,4187.164,4195.401,4213.485,4224.986,4213.789,4242.186,,
41962,4222.662,4195.401,4213.485,4224.986,4213.789,4242.186,4222.662,,
41963,4242.09,4213.485,4224.986,4213.789,4242.186,4222.662,4242.09,,
41964,4251.324,4224.986,4213.789,4242.186,4222.662,4242.09,4251.324,,
41967,4284.318,4213.789,4242.186,4222.662,4242.09,4251.324,4284.318,,
41968,4288.229,4242.186,4222.662,4242.09,4251.324,4284.318,4288.229,,
41969,4317.988,4222.662,4242.09,4251.324,4284.318,4288.229,4317.988,,
41971,4337.785,4242.09,4251.324,4284.318,4288.229,4317.988,4337.785,,
41974,4287.813,4251.324,4284.318,4288.229,4317.988,4337.785,4287.813,,
41975,4305.962,4284.318,4288.229,4317.988,4337.785,4287.813,4305.962,,
41976,4312.933,4288.229,4317.988,4337.785,4287.813,4305.962,4312.933,,
41977,4311.931,4317.988,4337.785,4287.813,4305.962,4312.933,4311.931,,
41978,4311.573,4337.785,4287.813,4305.962,4312.933,4311.931,4311.573,,
41981,4278.337,4287.813,4305.962,4312.933,4311.931,4311.573,4278.337,,
41982,4294.667,4305.962,4312.933,4311.931,4311.573,4278.337,4294.667,,
41983,4224.872,4312.933,4311.931,4311.573,4278.337,4294.667,4224.872,,
41984,4246.477,4311.931,4311.573,4278.337,4294.667,4224.872,4246.477,,
41985,4199.285,4311.573,4278.337,4294.667,4224.872,4246.477,4199.285,,
41988,4157.415,4278.337,4294.667,4224.872,4246.477,4199.285,4157.415,,
41989,4089.601,4294.667,4224.872,4246.477,4199.285,4157.415,4089.601,,
41990,4165.099,4224.872,4246.477,4199.285,4157.415,4089.601,4165.099,,
41991,4267.774,4246.477,4199.285,4157.415,4089.601,4165.099,4267.774,,
41992,4281.783,4199.285,4157.415,4089.601,4165.099,4267.774,4281.783,,
41995,4293.673,4157.415,4089.601,4165.099,4267.774,4281.783,4293.673,,
41996,4279.302,4089.601,4165.099,4267.774,4281.783,4293.673,4279.302,,
41997,4283.098,4165.099,4267.774,4281.783,4293.673,4279.302,4283.098,,
41999,4314.095,4267.774,4281.783,4293.673,4279.302,4283.098,4314.095,,
42002,4312.644,4281.783,4293.673,4279.302,4283.098,4314.095,4312.644,,
42003,4282.348,4293.673,4279.302,4283.098,4314.095,4312.644,4282.348,,
42004,4236.279,4279.302,4283.098,4314.095,4312.644,4282.348,4236.279,,
42006,4230.237,4283.098,4314.095,4312.644,4282.348,4236.279,4230.237,,
42009,4160.964,4314.095,4312.644,4282.348,4236.279,4230.237,4160.964,,
42010,4110.83,4312.644,4282.348,4236.279,4230.237,4160.964,4110.83,,
42011,4160,4282.348,4236.279,4230.237,4160.964,4110.83,4160,,
42012,4240.549,4236.279,4230.237,4160.964,4110.83,4160,4240.549,,
42013,4213.276,4230.237,4160.964,4110.83,4160,4240.549,4213.276,,
42016,4169.97,4160.964,4110.83,4160,4240.549,4213.276,4169.97,,
42017,4166.203,4110.83,4160,4240.549,4213.276,4169.97,4166.203,,
42018,4145.841,4160,4240.549,4213.276,4169.97,4166.203,4145.841,,
42019,4089.648,4240.549,4213.276,4169.97,4166.203,4145.841,4089.648,,
42020,4142.14,4213.276,4169.97,4166.203,4145.841,4089.648,4142.14,,
42024,4171.214,4169.97,4166.203,4145.841,4089.648,4142.14,4171.214,,
42025,4192.093,4166.203,4145.841,4089.648,4142.14,4171.214,4192.093,,
42026,4270.363,4145.841,4089.648,4142.14,4171.214,4192.093,4270.363,,
42027,4278.143,4089.648,4142.14,4171.214,4192.093,4270.363,4278.143,,
42030,4275.715,4142.14,4171.214,4192.093,4270.363,4278.143,4275.715,,
42031,4165.502,4171.214,4192.093,4270.363,4278.143,4275.715,4165.502,,
42032,4140.375,4192.093,4270.363,4278.143,4275.715,4165.502,4140.375,,
42033,4181.352,4270.363,4278.143,4275.715,4165.502,4140.375,4181.352,,
42034,4148.43,4278.143,4275.715,4165.502,4140.375,4181.352,4148.43,,
42037,4188.586,4275.715,4165.502,4140.375,4181.352,4148.43,4188.586,,
42038,4229.149,4165.502,4140.375,4181.352,4148.43,4188.586,4229.149,,
42039,4221.199,4140.375,4181.352,4148.43,4188.586,4229.149,4221.199,,
42040,4256.181,4181.352,4148.43,4188.586,4229.149,4221.199,4256.181,,
42041,4228.682,4148.43,4188.586,4229.149,4221.199,4256.181,4228.682,,
42044,4216.086,4188.586,4229.149,4221.199,4256.181,4228.682,4216.086,,
42045,4281.155,4229.149,4221.199,4256.181,4228.682,4216.086,4281.155,,
42046,4297.282,4221.199,4256.181,4228.682,4216.086,4281.155,4297.282,,
42047,4347.972,4256.181,4228.682,4216.086,4281.155,4297.282,4347.972,,
42048,4384.028,4228.682,4216.086,4281.155,4297.282,4347.972,4384.028,,
42052,4385.342,4216.086,4281.155,4297.282,4347.972,4384.028,4385.342,,
42053,4390.912,4281.155,4297.282,4347.972,4384.028,4385.342,4390.912,,
42054,4411.863,4297.282,4347.972,4384.028,4385.342,4390.912,4411.863,,
42055,4443.053,4347.972,4384.028,4385.342,4390.912,4411.863,4443.053,,
42058,4449.491,4384.028,4385.342,4390.912,4411.863,4443.053,4449.491,,
42059,4451.029,4385.342,4390.912,4411.863,4443.053,4449.491,4451.029,,
42060,4440.591,4390.912,4411.863,4443.053,4449.491,4451.029,4440.591,,
42061,4462.272,4411.863,4443.053,4449.491,4451.029,4440.591,4462.272,,
42062,4440.672,4443.053,4449.491,4451.029,4440.591,4462.272,4440.672,,
42065,4483.049,4449.491,4451.029,4440.591,4462.272,4440.672,4483.049,,
42066,4458.778,4451.029,4440.591,4462.272,4440.672,4483.049,4458.778,,
42067,4445.36,4440.591,4462.272,4440.672,4483.049,4458.778,4445.36,,
42068,4452.057,4462.272,4440.672,4483.049,4458.778,4445.36,4452.057,,
42069,4399.231,4440.672,4483.049,4458.778,4445.36,4452.057,4399.231,,
42072,4412.989,4483.049,4458.778,4445.36,4452.057,4399.231,4412.989,,
42073,4329.082,4458.778,4445.36,4452.057,4399.231,4412.989,4329.082,,
42074,4305.381,4445.36,4452.057,4399.231,4412.989,4329.082,4305.381,,
42075,4336.228,4452.057,4399.231,4412.989,4329.082,4305.381,4336.228,,
42076,4314.9,4399.231,4412.989,4329.082,4305.381,4336.228,4314.9,,
42079,4370.468,4412.989,4329.082,4305.381,4336.228,4314.9,4370.468,,
42080,4375.625,4329.082,4305.381,4336.228,4314.9,4370.468,4375.625,,
42081,4422.502,4305.381,4336.228,4314.9,4370.468,4375.625,4422.502,,
42082,4426.825,4336.228,4314.9,4370.468,4375.625,4422.502,4426.825,,
42083,4458.539,4314.9,4370.468,4375.625,4422.502,4426.825,4458.539,,
42086,4445.545,4370.468,4375.625,4422.502,4426.825,4458.539,4445.545,,
42087,4430.985,4375.625,4422.502,4426.825,4458.539,4445.545,4430.985,,
42088,4329.287,4422.502,4426.825,4458.539,4445.545,4430.985,4329.287,,
42089,4315.258,4426.825,4458.539,4445.545,4430.985,4329.287,4315.258,,
42090,4332.861,4458.539,4445.545,4430.985,4329.287,4315.258,4332.861,,
42093,4382.819,4445.545,4430.985,4329.287,4315.258,4332.861,4382.819,,
42094,4333.688,4430.985,4329.287,4315.258,4332.861,4382.819,4333.688,,
42095,4311.257,4329.287,4315.258,4332.861,4382.819,4333.688,4311.257,,
42096,4316.006,4315.258,4332.861,4382.819,4333.688,4311.257,4316.006,,
42100,4350.979,4332.861,4382.819,4333.688,4311.257,4316.006,4350.979,,
42101,4344.08,4382.819,4333.688,4311.257,4316.006,4350.979,4344.08,,
42102,4375.96,4333.688,4311.257,4316.006,4350.979,4344.08,4375.96,,
42103,4403.953,4311.257,4316.006,4350.979,4344.08,4375.96,4403.953,,
42104,4422.022,4316.006,4350.979,4344.08,4375.96,4403.953,4422.022,,
42107,4409.208,4350.979,4344.08,4375.96,4403.953,4422.022,4409.208,,
42108,4397.645,4344.08,4375.96,4403.953,4422.022,4409.208,4397.645,,
42109,4424.529,4375.96,4403.953,4422.022,4409.208,4397.645,4424.529,,
42110,4418.831,4403.953,4422.022,4409.208,4397.645,4424.529,4418.831,,
42111,4351.799,4422.022,4409.208,4397.645,4424.529,4418.831,4351.799,,
42114,4417.397,4409.208,4397.645,4424.529,4418.831,4351.799,4417.397,,
42115,4435.977,4397.645,4424.529,4418.831,4351.799,4417.397,4435.977,,
42116,4460.813,4424.529,4418.831,4351.799,4417.397,4435.977,4460.813,,
42117,4477.067,4418.831,4351.799,4417.397,4435.977,4460.813,4477.067,,
42118,4536.778,4351.799,4417.397,4435.977,4460.813,4477.067,4536.778,,
42121,4525.036,4417.397,4435.977,4460.813,4477.067,4536.778,4525.036,,
42122,4515.265,4435.977,4460.813,4477.067,4536.778,4525.036,4515.265,,
42123,4488.152,4460.813,4477.067,4536.778,4525.036,4515.265,4488.152,,
42124,4414.252,4477.067,4536.778,4525.036,4515.265,4488.152,4414.252,,
42125,4479.056,4536.778,4525.036,4515.265,4488.152,4414.252,4479.056,,
42128,4482.61,4525.036,4515.265,4488.152,4414.252,4479.056,4482.61,,
42129,4409.394,4515.265,4488.152,4414.252,4479.056,4482.61,4409.394,,
42130,4379.748,4488.152,4414.252,4479.056,4482.61,4409.394,4379.748,,
42131,4401.552,4414.252,4479.056,4482.61,4409.394,4379.748,4401.552,,
42132,4458.65,4479.056,4482.61,4409.394,4379.748,4401.552,4458.65,,
42135,4438.635,4482.61,4409.394,4379.748,4401.552,4458.65,4438.635,,
42136,4420.647,4409.394,4379.748,4401.552,4458.65,4438.635,4420.647,,
42137,4426.56,4379.748,4401.552,4458.65,4438.635,4420.647,4426.56,,
42138,4495.037,4401.552,4458.65,4438.635,4420.647,4426.56,4495.037,,
42139,4494.291,4458.65,4438.635,4420.647,4426.56,4495.037,4494.291,,
42142,4512.948,4438.635,4420.647,4426.56,4495.037,4494.291,4512.948,,
42143,4503.718,4420.647,4426.56,4495.037,4494.291,4512.948,4503.718,,
42144,4505.3,4426.56,4495.037,4494.291,4512.948,4503.718,4505.3,,
42145,4529.467,4495.037,4494.291,4512.948,4503.718,4505.3,4529.467,,
42146,4527.157,4494.291,4512.948,4503.718,4505.3,4529.467,4527.157,,
42150,4472.96,4512.948,4503.718,4505.3,4529.467,4527.157,4472.96,,
42151,4546.06,4503.718,4505.3,4529.467,4527.157,4472.96,4546.06,,
42152,4535.657,4505.3,4529.467,4527.157,4472.96,4546.06,4535.657,,
42153,4508.253,4529.467,4527.157,4472.96,4546.06,4535.657,4508.253,,
42156,4521.847,4527.157,4472.96,4546.06,4535.657,4508.253,4521.847,,
42157,4508.886,4472.96,4546.06,4535.657,4508.253,4521.847,4508.886,,
42158,4519.863,4546.06,4535.657,4508.253,4521.847,4508.886,4519.863,,
42159,4487.031,4535.657,4508.253,4521.847,4508.886,4519.863,4487.031,,
42160,4477.185,4508.253,4521.847,4508.886,4519.863,4487.031,4477.185,,
42163,4431.515,4521.847,4508.886,4519.863,4487.031,4477.185,4431.515,,
42164,4427.608,4508.886,4519.863,4487.031,4477.185,4431.515,4427.608,,
42165,4485.463,4519.863,4487.031,4477.185,4431.515,4427.608,4485.463,,
42166,4488.47,4487.031,4477.185,4431.515,4427.608,4485.463,4488.47,,
42167,4453.794,4477.185,4431.515,4427.608,4485.463,4488.47,4453.794,,
42170,4432.916,4431.515,4427.608,4485.463,4488.47,4453.794,4432.916,,
42171,4455.897,4427.608,4485.463,4488.47,4453.794,4432.916,4455.897,,
42172,4468.982,4485.463,4488.47,4453.794,4432.916,4455.897,4468.982,,
42173,4531.848,4488.47,4453.794,4432.916,4455.897,4468.982,4531.848,,
42174,4513.424,4453.794,4432.916,4455.897,4468.982,4531.848,4513.424,,
42177,4544.04,4432.916,4455.897,4468.982,4531.848,4513.424,4544.04,,
42178,4548.74,4455.897,4468.982,4531.848,4513.424,4544.04,4548.74,,
42179,4524.597,4468.982,4531.848,4513.424,4544.04,4548.74,4524.597,,
42180,4514.008,4531.848,4513.424,4544.04,4548.74,4524.597,4514.008,,
42181,4484.281,4513.424,4544.04,4548.74,4524.597,4514.008,4484.281,,
42184,4379.865,4544.04,4548.74,4524.597,4514.008,4484.281,4379.865,,
42185,4396.761,4548.74,4524.597,4514.008,4484.281,4379.865,4396.761,,
42186,4429.226,4524.597,4514.008,4484.281,4379.865,4396.761,4429.226,,
42187,4433.394,4514.008,4484.281,4379.865,4396.761,4429.226,4433.394,,
42191,4418.662,4484.281,4379.865,4396.761,4429.226,4433.394,4418.662,,
42192,4429.061,4379.865,4396.761,4429.226,4433.394,4418.662,4429.061,,
42193,4351.578,4396.761,4429.226,4433.394,4418.662,4429.061,4351.578,,
42194,4352.033,4429.226,4433.394,4418.662,4429.061,4351.578,4352.033,,
42195,4420.152,4433.394,4418.662,4429.061,4351.578,4352.033,4420.152,,
42198,4494.469,4418.662,4429.061,4351.578,4352.033,4420.152,4494.469,,
42199,4523.466,4429.061,4351.578,4352.033,4420.152,4494.469,4523.466,,
42200,4528.358,4351.578,4352.033,4420.152,4494.469,4523.466,4528.358,,
42201,4594.896,4352.033,4420.152,4494.469,4523.466,4528.358,4594.896,,
42202,4661.597,4420.152,4494.469,4523.466,4528.358,4594.896,4661.597,,
42205,4679.675,4494.469,4523.466,4528.358,4594.896,4661.597,4679.675,,
42206,4674.405,4523.466,4528.358,4594.896,4661.597,4679.675,4674.405,,
42207,4623.242,4528.358,4594.896,4661.597,4679.675,4674.405,4623.242,,
42208,4602.83,4594.896,4661.597,4679.675,4674.405,4623.242,4602.83,,
42209,4557.375,4661.597,4679.675,4674.405,4623.242,4602.83,4557.375,,
42212,4519.093,4679.675,4674.405,4623.242,4602.83,4557.375,4519.093,,
42213,4560.233,4674.405,4623.242,4602.83,4557.375,4519.093,4560.233,,
42214,4581.604,4623.242,4602.83,4557.375,4519.093,4560.233,4581.604,,
42215,4598.593,4602.83,4557.375,4519.093,4560.233,4581.604,4598.593,,
42216,4588.907,4557.375,4519.093,4560.233,4581.604,4598.593,4588.907,,
42219,4580.463,4519.093,4560.233,4581.604,4598.593,4588.907,4580.463,,
42220,4567.465,4560.233,4581.604,4598.593,4588.907,4580.463,4567.465,,
42221,4602.238,4581.604,4598.593,4588.907,4580.463,4567.465,4602.238,,
42222,4528.507,4598.593,4588.907,4580.463,4567.465,4602.238,4528.507,,
42223,4520.08,4588.907,4580.463,4567.465,4602.238,4528.507,4520.08,,
42226,4573.113,4580.463,4567.465,4602.238,4528.507,4520.08,4573.113,,
42227,4513.992,4567.465,4602.238,4528.507,4520.08,4573.113,4513.992,,
42228,4528.189,4602.238,4528.507,4520.08,4573.113,4513.992,4528.189,,
42229,4519.316,4528.507,4520.08,4573.113,4513.992,4528.189,4519.316,,
42230,4530.739,4520.08,4573.113,4513.992,4528.189,4519.316,4530.739,,
42233,4566.37,4573.113,4513.992,4528.189,4519.316,4530.739,4566.37,,
42234,4542.07,4513.992,4528.189,4519.316,4530.739,4566.37,4542.07,,
42235,4510.899,4528.189,4519.316,4530.739,4566.37,4542.07,4510.899,,
42236,4385.126,4519.316,4530.739,4566.37,4542.07,4510.899,4385.126,,
42237,4197.271,4530.739,4566.37,4542.07,4510.899,4385.126,4197.271,,
42240,4038.602,4566.37,4542.07,4510.899,4385.126,4197.271,4038.602,,
42241,4016.324,4542.07,4510.899,4385.126,4197.271,4038.602,4016.324,,
42242,4219.6,4510.899,4385.126,4197.271,4038.602,4016.324,4219.6,,
42243,4324.821,4385.126,4197.271,4038.602,4016.324,4219.6,4324.821,,
42244,4329.121,4197.271,4038.602,4016.324,4219.6,4324.821,4329.121,,
42247,4274.584,4038.602,4016.324,4219.6,4324.821,4329.121,4274.584,,
42248,4142.634,4016.324,4219.6,4324.821,4329.121,4274.584,4142.634,,
42249,4256.23,4219.6,4324.821,4329.121,4274.584,4142.634,4256.23,,
42250,4234.654,4324.821,4329.121,4274.584,4142.634,4256.23,4234.654,,
42251,4184.721,4329.121,4274.584,4142.634,4256.23,4234.654,4184.721,,
42255,4303.526,4274.584,4142.634,4256.23,4234.654,4184.721,4303.526,,
42256,4253.448,4142.634,4256.23,4234.654,4184.721,4303.526,4253.448,,
42257,4296.298,4256.23,4234.654,4184.721,4303.526,4253.448,4296.298,,
42258,4323.23,4234.654,4184.721,4303.526,4253.448,4296.298,4323.23,,
42261,4308.76,4184.721,4303.526,4253.448,4296.298,4323.23,4308.76,,
42262,4360.28,4303.526,4253.448,4296.298,4323.23,4308.76,4360.28,,
42263,4383.67,4253.448,4296.298,4323.23,4308.76,4360.28,4383.67,,
42264,4384.961,4296.298,4323.23,4308.76,4360.28,4383.67,4384.961,,
42265,4323.858,4323.23,4308.76,4360.28,4383.67,4384.961,4323.858,,
42268,4336.13,4308.76,4360.28,4383.67,4384.961,4323.858,4336.13,,
42269,4274.098,4360.28,4383.67,4384.961,4323.858,4336.13,4274.098,,
42270,4273.531,4383.67,4384.961,4323.858,4336.13,4274.098,4273.531,,
42271,4261.104,4384.961,4323.858,4336.13,4274.098,4273.531,4261.104,,
42272,4224.74,4323.858,4336.13,4274.098,4273.531,4261.104,4224.74,,
42275,4103.47,4336.13,4274.098,4273.531,4261.104,4224.74,4103.47,,
42276,4083.372,4274.098,4273.531,4261.104,4224.74,4103.47,4083.372,,
42277,4181.06,4273.531,4261.104,4224.74,4103.47,4083.372,4181.06,,
42278,4192.963,4261.104,4224.74,4103.47,4083.372,4181.06,4192.963,,
42279,4267.45,4224.74,4103.47,4083.372,4181.06,4192.963,4267.45,,
42282,4331.432,4103.47,4083.372,4181.06,4192.963,4267.45,4331.432,,
42283,4306.7,4083.372,4181.06,4192.963,4267.45,4331.432,4306.7,,
42284,4333.464,4181.06,4192.963,4267.45,4331.432,4306.7,4333.464,,
42285,4350.149,4192.963,4267.45,4331.432,4306.7,4333.464,4350.149,,
42286,4370.009,4267.45,4331.432,4306.7,4333.464,4350.149,4370.009,,
42289,4382.563,4331.432,4306.7,4333.464,4350.149,4370.009,4382.563,,
42290,4352.938,4306.7,4333.464,4350.149,4370.009,4382.563,4352.938,,
42291,4346.922,4333.464,4350.149,4370.009,4382.563,4352.938,4346.922,,
42292,4418.221,4350.149,4370.009,4382.563,4352.938,4346.922,4418.221,,
42293,4438.622,4370.009,4382.563,4352.938,4346.922,4418.221,4438.622,,
42296,4462.066,4382.563,4352.938,4346.922,4418.221,4438.622,4462.066,,
42297,4438.181,4352.938,4346.922,4418.221,4438.622,4462.066,4438.181,,
42298,4413.524,4346.922,4418.221,4438.622,4462.066,4438.181,4413.524,,
42299,4503.216,4418.221,4438.622,4462.066,4438.181,4413.524,4503.216,,
42300,4624.09,4438.622,4462.066,4438.181,4413.524,4503.216,4624.09,,
42303,4630.846,4462.066,4438.181,4413.524,4503.216,4624.09,4630.846,,
42304,4639.233,4438.181,4413.524,4503.216,4624.09,4630.846,4639.233,,
42305,4678.575,4413.524,4503.216,4624.09,4630.846,4639.233,4678.575,,
42306,4670.765,4503.216,4624.09,4630.846,4639.233,4678.575,4670.765,,
42307,4648.831,4624.09,4630.846,4639.233,4678.575,4670.765,4648.831,,
42310,4703.915,4630.846,4639.233,4678.575,4670.765,4648.831,4703.915,,
42311,4719.053,4639.233,4678.575,4670.765,4648.831,4703.915,4719.053,,
42312,4717.553,4678.575,4670.765,4648.831,4703.915,4719.053,4717.553,,
42313,4702.896,4670.765,4648.831,4703.915,4719.053,4717.553,4702.896,,
42314,4707.231,4648.831,4703.915,4719.053,4717.553,4702.896,4707.231,,
42317,4655.515,4703.915,4719.053,4717.553,4702.896,4707.231,4655.515,,
42318,4641.729,4719.053,4717.553,4702.896,4707.231,4655.515,4641.729,,
42319,4636.937,4717.553,4702.896,4707.231,4655.515,4641.729,4636.937,,
42320,4588.931,4702.896,4707.231,4655.515,4641.729,4636.937,4588.931,,
42321,4502.137,4707.231,4655.515,4641.729,4636.937,4588.931,4502.137,,
42324,4565.468,4655.515,4641.729,4636.937,4588.931,4502.137,4565.468,,
42325,4565.817,4641.729,4636.937,4588.931,4502.137,4565.468,4565.817,,
42326,4653.444,4636.937,4588.931,4502.137,4565.468,4565.817,4653.444,,
42327,4655.355,4588.931,4502.137,4565.468,4565.817,4653.444,4655.355,,
42328,4686.358,4502.137,4565.468,4565.817,4653.444,4655.355,4686.358,,
42331,4674.793,4565.468,4565.817,4653.444,4655.355,4686.358,4674.793,,
42332,4669.409,4565.817,4653.444,4655.355,4686.358,4674.793,4669.409,,
42333,4672.884,4653.444,4655.355,4686.358,4674.793,4669.409,4672.884,,
42335,4680.465,4655.355,4686.358,4674.793,4669.409,4672.884,4680.465,,
42338,4664.51,4686.358,4674.793,4669.409,4672.884,4680.465,4664.51,,
42339,4716.158,4674.793,4669.409,4672.884,4680.465,4664.51,4716.158,,
42340,4686.223,4669.409,4672.884,4680.465,4664.51,4716.158,4686.223,,
42341,4606.755,4672.884,4680.465,4664.51,4716.158,4686.223,4606.755,,
42342,4716.12,4680.465,4664.51,4716.158,4686.223,4606.755,4716.12,,
42345,4693.621,4664.51,4716.158,4686.223,4606.755,4716.12,4693.621,,
42346,4694.767,4716.158,4686.223,4606.755,4716.12,4693.621,4694.767,,
42347,4622.138,4686.223,4606.755,4716.12,4693.621,4694.767,4622.138,,
42348,4643.048,4606.755,4716.12,4693.621,4694.767,4622.138,4643.048,,
42349,4537.563,4716.12,4693.621,4694.767,4622.138,4643.048,4537.563,,
42352,4570.157,4693.621,4694.767,4622.138,4643.048,4537.563,4570.157,,
42353,4597.327,4694.767,4622.138,4643.048,4537.563,4570.157,4597.327,,
42354,4664.564,4622.138,4643.048,4537.563,4570.157,4597.327,4664.564,,
42355,4598.138,4643.048,4537.563,4570.157,4597.327,4664.564,4598.138,,
42356,4514.825,4537.563,4570.157,4597.327,4664.564,4598.138,4514.825,,
42359,4560.552,4570.157,4597.327,4664.564,4598.138,4514.825,4560.552,,
42360,4589.256,4597.327,4664.564,4598.138,4514.825,4560.552,4589.256,,
42361,4624.587,4664.564,4598.138,4514.825,4560.552,4589.256,4624.587,,
42362,4622.772,4598.138,4514.825,4560.552,4589.256,4624.587,4622.772,,
42366,4621.35,4514.825,4560.552,4589.256,4624.587,4622.772,4621.35,,
42367,4691.077,4560.552,4589.256,4624.587,4622.772,4621.35,4691.077,,
42368,4652.008,4589.256,4624.587,4622.772,4621.35,4691.077,4652.008,,
42369,4593.271,4624.587,4622.772,4621.35,4691.077,4652.008,4593.271,,
42373,4497.857,4622.772,4621.35,4691.077,4652.008,4593.271,4497.857,,
42374,4484.18,4621.35,4691.077,4652.008,4593.271,4497.857,4484.18,,
42375,4443.985,4691.077,4652.008,4593.271,4497.857,4484.18,4443.985,,
42376,4305.725,4652.008,4593.271,4497.857,4484.18,4443.985,4305.725,,
42377,4270.782,4593.271,4497.857,4484.18,4443.985,4305.725,4270.782,,
42380,4283.547,4497.857,4484.18,4443.985,4305.725,4270.782,4283.547,,
42381,4333.717,4484.18,4443.985,4305.725,4270.782,4283.547,4333.717,,
42382,4183.116,4443.985,4305.725,4270.782,4283.547,4333.717,4183.116,,
42383,4272.967,4305.725,4270.782,4283.547,4333.717,4183.116,4272.967,,
42384,4141.082,4270.782,4283.547,4333.717,4183.116,4272.967,4141.082,,
42388,4147.075,4283.547,4333.717,4183.116,4272.967,4141.082,4147.075,,
42389,4136.281,4333.717,4183.116,4272.967,4141.082,4147.075,4136.281,,
42390,4142.599,4183.116,4272.967,4141.082,4147.075,4136.281,4142.599,,
42391,4259.773,4272.967,4141.082,4147.075,4136.281,4142.599,4259.773,,
42394,4196.532,4141.082,4147.075,4136.281,4142.599,4259.773,4196.532,,
42395,4233.85,4147.075,4136.281,4142.599,4259.773,4196.532,4233.85,,
42396,4128.861,4136.281,4142.599,4259.773,4196.532,4233.85,4128.861,,
42397,4186.061,4142.599,4259.773,4196.532,4233.85,4128.861,4186.061,,
42398,4279.169,4259.773,4196.532,4233.85,4128.861,4186.061,4279.169,,
42401,4286.556,4196.532,4233.85,4128.861,4186.061,4279.169,4286.556,,
42402,4193.101,4233.85,4128.861,4186.061,4279.169,4286.556,4193.101,,
42403,4171.968,4128.861,4186.061,4279.169,4286.556,4193.101,4171.968,,
42404,4167.771,4186.061,4279.169,4286.556,4193.101,4171.968,4167.771,,
42405,4024.473,4279.169,4286.556,4193.101,4171.968,4167.771,4024.473,,
42408,3960.671,4286.556,4193.101,4171.968,4167.771,4024.473,3960.671,,
42409,3947.804,4193.101,4171.968,4167.771,4024.473,3960.671,3947.804,,
42410,3966.275,4171.968,4167.771,4024.473,3960.671,3947.804,3966.275,,
42411,3962.224,4167.771,4024.473,3960.671,3947.804,3966.275,3962.224,,
42412,4019.191,4024.473,3960.671,3947.804,3966.275,3962.224,4019.191,,
42416,4104.331,3960.671,3947.804,3966.275,3962.224,4019.191,4104.331,,
42417,4199.103,3947.804,3966.275,3962.224,4019.191,4104.331,4199.103,,
42418,4151.492,3966.275,3962.224,4019.191,4104.331,4199.103,4151.492,,
42419,4164.088,3962.224,4019.191,4104.331,4199.103,4151.492,4164.088,,
42422,4231.268,4019.191,4104.331,4199.103,4151.492,4164.088,4231.268,,
42423,4162.54,4104.331,4199.103,4151.492,4164.088,4231.268,4162.54,,
42424,4200.659,4199.103,4151.492,4164.088,4231.268,4162.54,4200.659,,
42425,4241.059,4151.492,4164.088,4231.268,4162.54,4200.659,4241.059,,
42426,4235.616,4164.088,4231.268,4162.54,4200.659,4241.059,4235.616,,
42429,4201.118,4231.268,4162.54,4200.659,4241.059,4235.616,4201.118,,
42430,4333.614,4162.54,4200.659,4241.059,4235.616,4201.118,4333.614,,
42431,4334.386,4200.659,4241.059,4235.616,4201.118,4333.614,4334.386,,
42432,4325.862,4241.059,4235.616,4201.118,4333.614,4334.386,4325.862,,
42433,4329,4235.616,4201.118,4333.614,4334.386,4325.862,4329,,
42436,4303.333,4201.118,4333.614,4334.386,4325.862,4329,4303.333,,
42437,4265.51,4333.614,4334.386,4325.862,4329,4303.333,4265.51,,
42438,4293.232,4334.386,4325.862,4329,4303.333,4265.51,4293.232,,
42439,4286.966,4325.862,4329,4303.333,4265.51,4293.232,4286.966,,
42440,4361.83,4329,4303.333,4265.51,4293.232,4286.966,4361.83,,
42443,4367.329,4303.333,4265.51,4293.232,4286.966,4361.83,4367.329,,
42444,4367.082,4265.51,4293.232,4286.966,4361.83,4367.329,4367.082,,
42445,4404.202,4293.232,4286.966,4361.83,4367.329,4367.082,4404.202,,
42446,4400.263,4286.966,4361.83,4367.329,4367.082,4404.202,4400.263,,
42447,4410.828,4361.83,4367.329,4367.082,4404.202,4400.263,4410.828,,
42450,4426.977,4367.329,4367.082,4404.202,4400.263,4410.828,4426.977,,
42451,4437.619,4367.082,4404.202,4400.263,4410.828,4426.977,4437.619,,
42452,4402.559,4404.202,4400.263,4410.828,4426.977,4437.619,4402.559,,
42453,4405.532,4400.263,4410.828,4426.977,4437.619,4402.559,4405.532,,
42457,4398.065,4410.828,4426.977,4437.619,4402.559,4405.532,4398.065,,
42458,4467.719,4426.977,4437.619,4402.559,4405.532,4398.065,4467.719,,
42459,4490.875,4437.619,4402.559,4405.532,4398.065,4467.719,4490.875,,
42460,4483.655,4402.559,4405.532,4398.065,4467.719,4490.875,4483.655,,
42461,4532.082,4405.532,4398.065,4467.719,4490.875,4483.655,4532.082,,
42464,4511.704,4398.065,4467.719,4490.875,4483.655,4532.082,4511.704,,
42465,4470.748,4467.719,4490.875,4483.655,4532.082,4511.704,4470.748,,
42466,4543.781,4490.875,4483.655,4532.082,4511.704,4470.748,4543.781,,
42467,4475.286,4483.655,4532.082,4511.704,4470.748,4543.781,4475.286,,
42468,4474.925,4532.082,4511.704,4470.748,4543.781,4475.286,4474.925,,
42471,4458.706,4511.704,4470.748,4543.781,4475.286,4474.925,4458.706,,
42472,4496.044,4470.748,4543.781,4475.286,4474.925,4458.706,4496.044,,
42473,4554.722,4543.781,4475.286,4474.925,4458.706,4496.044,4554.722,,
42474,4554.625,4475.286,4474.925,4458.706,4496.044,4554.722,4554.625,,
42475,4543.161,4474.925,4458.706,4496.044,4554.722,4554.625,4543.161,,
42478,4565.421,4458.706,4496.044,4554.722,4554.625,4543.161,4565.421,,
42479,4537.09,4496.044,4554.722,4554.625,4543.161,4565.421,4537.09,,
42480,4540.438,4554.722,4554.625,4543.161,4565.421,4537.09,4540.438,,
42481,4540.798,4554.625,4543.161,4565.421,4537.09,4540.438,4540.798,,
42482,4474.192,4543.161,4565.421,4537.09,4540.438,4540.798,4474.192,,
42485,4474.131,4565.421,4537.09,4540.438,4540.798,4474.192,4474.131,,
42486,4452.966,4537.09,4540.438,4540.798,4474.192,4474.131,4452.966,,
42487,4416.635,4540.438,4540.798,4474.192,4474.131,4452.966,4416.635,,
42488,4363.993,4540.798,4474.192,4474.131,4452.966,4416.635,4363.993,,
42489,4341.299,4474.192,4474.131,4452.966,4416.635,4363.993,4341.299,,
42492,4381.304,4474.131,4452.966,4416.635,4363.993,4341.299,4381.304,,
42493,4341.392,4452.966,4416.635,4363.993,4341.299,4381.304,4341.392,,
42494,4312.014,4416.635,4363.993,4341.299,4381.304,4341.392,4312.014,,
42495,4309.484,4363.993,4341.299,4381.304,4341.392,4312.014,4309.484,,
42496,4330.168,4341.299,4381.304,4341.392,4312.014,4309.484,4330.168,,
42499,4341.23,4381.304,4341.392,4312.014,4309.484,4330.168,4341.23,,
42500,4402.038,4341.392,4312.014,4309.484,4330.168,4341.23,4402.038,,
42501,4361.033,4312.014,4309.484,4330.168,4341.23,4402.038,4361.033,,
42502,4342.809,4309.484,4330.168,4341.23,4402.038,4361.033,4342.809,,
42503,4326.531,4330.168,4341.23,4402.038,4361.033,4342.809,4326.531,,
42506,4380.483,4341.23,4402.038,4361.033,4342.809,4326.531,4380.483,,
42507,4322.557,4402.038,4361.033,4342.809,4326.531,4380.483,4322.557,,
42508,4338.232,4361.033,4342.809,4326.531,4380.483,4322.557,4338.232,,
42509,4315.579,4342.809,4326.531,4380.483,4322.557,4338.232,4315.579,,
42510,4362.903,4326.531,4380.483,4322.557,4338.232,4315.579,4362.903,,
42513,4355.099,4380.483,4322.557,4338.232,4315.579,4362.903,4355.099,,
42514,4444.297,4322.557,4338.232,4315.579,4362.903,4355.099,4444.297,,
42515,4476.434,4338.232,4315.579,4362.903,4355.099,4444.297,4476.434,,
42516,4487.96,4315.579,4362.903,4355.099,4444.297,4476.434,4487.96,,
42517,4512.541,4362.903,4355.099,4444.297,4476.434,4487.96,4512.541,,
42521,4523.893,4355.099,4444.297,4476.434,4487.96,4512.541,4523.893,,
42522,4520.068,4444.297,4476.434,4487.96,4512.541,4523.893,4520.068,,
42523,4531.349,4476.434,4487.96,4512.541,4523.893,4520.068,4531.349,,
42524,4509.792,4487.96,4512.541,4523.893,4520.068,4531.349,4509.792,,
42527,4523.633,4512.541,4523.893,4520.068,4531.349,4509.792,4523.633,,
42528,4513.087,4523.893,4520.068,4531.349,4509.792,4523.633,4513.087,,
42529,4520.628,4520.068,4531.349,4509.792,4523.633,4513.087,4520.628,,
42530,4512.689,4531.349,4509.792,4523.633,4513.087,4520.628,4512.689,,
42531,4461.049,4509.792,4523.633,4513.087,4520.628,4512.689,4461.049,,
42534,4422.759,4523.633,4513.087,4520.628,4512.689,4461.049,4422.759,,
42535,4424.912,4513.087,4520.628,4512.689,4461.049,4422.759,4424.912,,
42536,4409.51,4520.628,4512.689,4461.049,4422.759,4424.912,4409.51,,
42537,4424.233,4512.689,4461.049,4422.759,4424.912,4409.51,4424.233,,
42538,4374.38,4461.049,4422.759,4424.912,4409.51,4424.233,4374.38,,
42541,4400.158,4422.759,4424.912,4409.51,4424.233,4374.38,4400.158,,
42542,4413.404,4424.912,4409.51,4424.233,4374.38,4400.158,4413.404,,
42543,4404.726,4409.51,4424.233,4374.38,4400.158,4413.404,4404.726,,
42544,4467.481,4424.233,4374.38,4400.158,4413.404,4404.726,4467.481,,
42545,4285.701,4374.38,4400.158,4413.404,4404.726,4467.481,4285.701,,
42548,4201.055,4400.158,4413.404,4404.726,4467.481,4285.701,4201.055,,
42549,4290.467,4413.404,4404.726,4467.481,4285.701,4201.055,4290.467,,
42550,4364.738,4404.726,4467.481,4285.701,4201.055,4290.467,4364.738,,
42551,4417.699,4467.481,4285.701,4201.055,4290.467,4364.738,4417.699,,
42552,4437.444,4285.701,4201.055,4290.467,4364.738,4417.699,4437.444,,
42556,4410.747,4201.055,4290.467,4364.738,4417.699,4437.444,4410.747,,
42557,4444.703,4290.467,4364.738,4417.699,4437.444,4410.747,4444.703,,
42558,4459.584,4364.738,4417.699,4437.444,4410.747,4444.703,4459.584,,
42559,4528.364,4417.699,4437.444,4410.747,4444.703,4459.584,4528.364,,
42562,4554.709,4437.444,4410.747,4444.703,4459.584,4528.364,4554.709,,
42563,4577.612,4410.747,4444.703,4459.584,4528.364,4554.709,4577.612,,
42564,4565.771,4444.703,4459.584,4528.364,4554.709,4577.612,4565.771,,
42565,4596.488,4459.584,4528.364,4554.709,4577.612,4565.771,4596.488,,
42566,4589.828,4528.364,4554.709,4577.612,4565.771,4596.488,4589.828,,
42569,4619.68,4554.709,4577.612,4565.771,4596.488,4589.828,4619.68,,
42570,4603.284,4577.612,4565.771,4596.488,4589.828,4619.68,4603.284,,
42571,4657.2,4565.771,4596.488,4589.828,4619.68,4603.284,4657.2,,
42572,4647.016,4596.488,4589.828,4619.68,4603.284,4657.2,4647.016,,
42573,4666.071,4589.828,4619.68,4603.284,4657.2,4647.016,4666.071,,
42576,4665.928,4619.68,4603.284,4657.2,4647.016,4666.071,4665.928,,
42577,4672.112,4603.284,4657.2,4647.016,4666.071,4665.928,4672.112,,
42578,4702.885,4657.2,4647.016,4666.071,4665.928,4672.112,4702.885,,
42579,4721.409,4647.016,4666.071,4665.928,4672.112,4702.885,4721.409,,
42580,4730.231,4666.071,4665.928,4672.112,4702.885,4721.409,4730.231,,
42583,4756.039,4665.928,4672.112,4702.885,4721.409,4730.231,4756.039,,
42584,4719.212,4672.112,4702.885,4721.409,4730.231,4756.039,4719.212,,
42585,4734.329,4702.885,4721.409,4730.231,4756.039,4719.212,4734.329,,
42586,4743.812,4721.409,4730.231,4756.039,4719.212,4734.329,4743.812,,
42587,4791.209,4730.231,4756.039,4719.212,4734.329,4743.812,4791.209,,
42590,4784.743,4756.039,4719.212,4734.329,4743.812,4791.209,4784.743,,
42591,4795.749,4719.212,4734.329,4743.812,4791.209,4784.743,4795.749,,
42592,4783.393,4734.329,4743.812,4791.209,4784.743,4795.749,4783.393,,
42593,4803.314,4743.812,4791.209,4784.743,4795.749,4783.393,4803.314,,
42594,4807.076,4791.209,4784.743,4795.749,4783.393,4803.314,4807.076,,
42597,4827.116,4784.743,4795.749,4783.393,4803.314,4807.076,4827.116,,
42598,4797.188,4795.749,4783.393,4803.314,4807.076,4827.116,4797.188,,
42599,4805.453,4783.393,4803.314,4807.076,4827.116,4797.188,4805.453,,
42600,4808.684,4803.314,4807.076,4827.116,4797.188,4805.453,4808.684,,
42601,4806.138,4807.076,4827.116,4797.188,4805.453,4808.684,4806.138,,
42604,4808.558,4827.116,4797.188,4805.453,4808.684,4806.138,4808.558,,
42605,4818.479,4797.188,4805.453,4808.684,4806.138,4808.558,4818.479,,
42606,4783.485,4805.453,4808.684,4806.138,4808.558,4818.479,4783.485,,
42607,4775.425,4808.684,4806.138,4808.558,4818.479,4783.485,4775.425,,
42608,4783.694,4806.138,4808.558,4818.479,4783.485,4775.425,4783.694,,
42611,4791.086,4808.558,4818.479,4783.485,4775.425,4783.694,4791.086,,
42612,4775.995,4818.479,4783.485,4775.425,4783.694,4791.086,4775.995,,
42613,4771.055,4783.485,4775.425,4783.694,4791.086,4775.995,4771.055,,
42614,4783.938,4775.425,4783.694,4791.086,4775.995,4771.055,4783.938,,
42615,4798.741,4783.694,4791.086,4775.995,4771.055,4783.938,4798.741,,
42619,4829.512,4791.086,4775.995,4771.055,4783.938,4798.741,4829.512,,
42620,4831.861,4775.995,4771.055,4783.938,4798.741,4829.512,4831.861,,
42621,4803.998,4771.055,4783.938,4798.741,4829.512,4831.861,4803.998,,
42622,4681.535,4783.938,4798.741,4829.512,4831.861,4803.998,4681.535,,
42625,4764.652,4798.741,4829.512,4831.861,4803.998,4681.535,4764.652,,
42626,4722.845,4829.512,4831.861,4803.998,4681.535,4764.652,4722.845,,
42627,4746.063,4831.861,4803.998,4681.535,4764.652,4722.845,4746.063,,
42628,4819.896,4803.998,4681.535,4764.652,4722.845,4746.063,4819.896,,
42629,4818.054,4681.535,4764.652,4722.845,4746.063,4819.896,4818.054,,
42632,4796.071,4764.652,4722.845,4746.063,4819.896,4818.054,4796.071,,
42633,4805.22,4722.845,4746.063,4819.896,4818.054,4796.071,4805.22,,
42634,4853.748,4746.063,4819.896,4818.054,4796.071,4805.22,4853.748,,
42635,4891.363,4819.896,4818.054,4796.071,4805.22,4853.748,4891.363,,
42636,4858.909,4818.054,4796.071,4805.22,4853.748,4891.363,4858.909,,
42639,4817.167,4796.071,4805.22,4853.748,4891.363,4858.909,4817.167,,
42640,4866.706,4805.22,4853.748,4891.363,4858.909,4817.167,4866.706,,
42641,4875.269,4853.748,4891.363,4858.909,4817.167,4866.706,4875.269,,
42642,4838.3,4891.363,4858.909,4817.167,4866.706,4875.269,4838.3,,
42643,4875.697,4858.909,4817.167,4866.706,4875.269,4838.3,4875.697,,
42646,4866.625,4817.167,4866.706,4875.269,4838.3,4875.697,4866.625,,
42647,4859.467,4866.706,4875.269,4838.3,4875.697,4866.625,4859.467,,
42648,4877.749,4875.269,4838.3,4875.697,4866.625,4859.467,4877.749,,
42649,4873.924,4838.3,4875.697,4866.625,4859.467,4877.749,4873.924,,
42650,4864.522,4875.697,4866.625,4859.467,4877.749,4873.924,4864.522,,
42653,4893.768,4866.625,4859.467,4877.749,4873.924,4864.522,4893.768,,
42654,4821.914,4859.467,4877.749,4873.924,4864.522,4893.768,4821.914,,
42655,4819.635,4877.749,4873.924,4864.522,4893.768,4821.914,4819.635,,
42656,4803.102,4873.924,4864.522,4893.768,4821.914,4819.635,4803.102,,
42657,4808.485,4864.522,4893.768,4821.914,4819.635,4803.102,4808.485,,
42660,4796.169,4893.768,4821.914,4819.635,4803.102,4808.485,4796.169,,
42661,4839.721,4821.914,4819.635,4803.102,4808.485,4796.169,4839.721,,
42662,4836.61,4819.635,4803.102,4808.485,4796.169,4839.721,4836.61,,
42663,4832.71,4803.102,4808.485,4796.169,4839.721,4836.61,4832.71,,
42664,4851.861,4808.485,4796.169,4839.721,4836.61,4832.71,4851.861,,
42667,4909.969,4796.169,4839.721,4836.61,4832.71,4851.861,4909.969,,
42668,4891.455,4839.721,4836.61,4832.71,4851.861,4909.969,4891.455,,
42669,4860.593,4836.61,4832.71,4851.861,4909.969,4891.455,4860.593,,
42670,4836.447,4832.71,4851.861,4909.969,4891.455,4860.593,4836.447,,
42671,4805.593,4851.861,4909.969,4891.455,4860.593,4836.447,4805.593,,
42674,4801.271,4909.969,4891.455,4860.593,4836.447,4805.593,4801.271,,
42675,4766.937,4891.455,4860.593,4836.447,4805.593,4801.271,4766.937,,
42676,4726.907,4860.593,4836.447,4805.593,4801.271,4766.937,4726.907,,
42677,4679.103,4836.447,4805.593,4801.271,4766.937,4726.907,4679.103,,
42678,4660.457,4805.593,4801.271,4766.937,4726.907,4679.103,4660.457,,
42681,4773.729,4801.271,4766.937,4726.907,4679.103,4660.457,4773.729,,
42682,4804.92,4766.937,4726.907,4679.103,4660.457,4773.729,4804.92,,
42683,4825.184,4726.907,4679.103,4660.457,4773.729,4804.92,4825.184,,
42684,4747.028,4679.103,4660.457,4773.729,4804.92,4825.184,4747.028,,
42685,4751.951,4660.457,4773.729,4804.92,4825.184,4747.028,4751.951,,
42688,4702.045,4773.729,4804.92,4825.184,4747.028,4751.951,4702.045,,
42689,4764.474,4804.92,4825.184,4747.028,4751.951,4702.045,4764.474,,
42690,4792.268,4825.184,4747.028,4751.951,4702.045,4764.474,4792.268,,
42691,4826.587,4747.028,4751.951,4702.045,4764.474,4792.268,4826.587,,
42692,4808.042,4751.951,4702.045,4764.474,4792.268,4826.587,4808.042,,
42695,4858.998,4702.045,4764.474,4792.268,4826.587,4808.042,4858.998,,
42696,4873.842,4764.474,4792.268,4826.587,4808.042,4858.998,4873.842,,
42697,4853.862,4792.268,4826.587,4808.042,4858.998,4873.842,4853.862,,
42699,4870.017,4826.587,4808.042,4858.998,4873.842,4853.862,4870.017,,
42702,4857.021,4808.042,4858.998,4873.842,4853.862,4870.017,4857.021,,
42703,4873.209,4858.998,4873.842,4853.862,4870.017,4857.021,4873.209,,
42704,4810.814,4873.842,4853.862,4870.017,4857.021,4873.209,4810.814,,
42705,4734.096,4853.862,4870.017,4857.021,4873.209,4810.814,4734.096,,
42706,4739.373,4870.017,4857.021,4873.209,4810.814,4734.096,4739.373,,
42709,4778.141,4857.021,4873.209,4810.814,4734.096,4739.373,4778.141,,
42710,4788.671,4873.209,4810.814,4734.096,4739.373,4778.141,4788.671,,
42711,4851.939,4810.814,4734.096,4739.373,4778.141,4788.671,4851.939,,
42712,4859.186,4734.096,4739.373,4778.141,4788.671,4851.939,4859.186,,
42713,4895.904,4739.373,4778.141,4788.671,4851.939,4859.186,4895.904,,
42716,4874.297,4778.141,4788.671,4851.939,4859.186,4895.904,4874.297,,
42717,4935.837,4788.671,4851.939,4859.186,4895.904,4874.297,4935.837,,
42718,4921.218,4851.939,4859.186,4895.904,4874.297,4935.837,4921.218,,
42719,4933.407,4859.186,4895.904,4874.297,4935.837,4921.218,4933.407,,
42720,4914.864,4895.904,4874.297,4935.837,4921.218,4933.407,4914.864,,
42723,4934.847,4874.297,4935.837,4921.218,4933.407,4914.864,4934.847,,
42724,4953.803,4935.837,4921.218,4933.407,4914.864,4934.847,4953.803,,
42725,4948.905,4921.218,4933.407,4914.864,4934.847,4953.803,4948.905,,
42726,4934.391,4933.407,4914.864,4934.847,4953.803,4948.905,4934.391,,
42727,4940.023,4914.864,4934.847,4953.803,4948.905,4934.391,4940.023,,
42731,4965.808,4934.847,4953.803,4948.905,4934.391,4940.023,4965.808,,
42732,4926.286,4953.803,4948.905,4934.391,4940.023,4965.808,4926.286,,
42733,4918.283,4948.905,4934.391,4940.023,4965.808,4926.286,4918.283,,
42734,4863.62,4934.391,4940.023,4965.808,4926.286,4918.283,4863.62,,
42738,4911.333,4940.023,4965.808,4926.286,4918.283,4863.62,4911.333,,
42739,4937.205,4965.808,4926.286,4918.283,4863.62,4911.333,4937.205,,
42740,4964.953,4926.286,4918.283,4863.62,4911.333,4937.205,4964.953,,
42741,5007.077,4918.283,4863.62,4911.333,4937.205,4964.953,5007.077,,
42744,5024.899,4863.62,4911.333,4937.205,4964.953,5007.077,5024.899,,
42745,5035.167,4911.333,4937.205,4964.953,5007.077,5024.899,5035.167,,
42746,5050.21,4937.205,4964.953,5007.077,5024.899,5035.167,5050.21,,
42747,5041.426,4964.953,5007.077,5024.899,5035.167,5050.21,5041.426,,
42748,5059.509,5007.077,5024.899,5035.167,5050.21,5041.426,5059.509,,
42752,5044.652,5024.899,5035.167,5050.21,5041.426,5059.509,5044.652,,
42753,5055.851,5035.167,5050.21,5041.426,5059.509,5044.652,5055.851,,
42754,5051.167,5050.21,5041.426,5059.509,5044.652,5055.851,5051.167,,
42755,5063.197,5041.426,5059.509,5044.652,5055.851,5051.167,5063.197,,
42758,5065.7,5059.509,5044.652,5055.851,5051.167,5063.197,5065.7,,
42759,5101.064,5044.652,5055.851,5051.167,5063.197,5065.7,5101.064,,
42760,5151.471,5055.851,5051.167,5063.197,5065.7,5101.064,5151.471,,
42761,5156.922,5051.167,5063.197,5065.7,5101.064,5151.471,5156.922,,
42762,5168.061,5063.197,5065.7,5101.064,5151.471,5156.922,5168.061,,
42765,5129.329,5065.7,5101.064,5151.471,5156.922,5168.061,5129.329,,
42766,5116.768,5101.064,5151.471,5156.922,5168.061,5129.329,5116.768,,
42767,5152.687,5151.471,5156.922,5168.061,5129.329,5116.768,5152.687,,
42768,5147.702,5156.922,5168.061,5129.329,5116.768,5152.687,5147.702,,
42769,5161.598,5168.061,5129.329,5116.768,5152.687,5147.702,5161.598,,
42772,5167.963,5129.329,5116.768,5152.687,5147.702,5161.598,5167.963,,
42773,5185.877,5116.768,5152.687,5147.702,5161.598,5167.963,5185.877,,
42774,5196.577,5152.687,5147.702,5161.598,5167.963,5185.877,5196.577,,
42775,5212.156,5147.702,5161.598,5167.963,5185.877,5196.577,5212.156,,
42776,5226.686,5161.598,5167.963,5185.877,5196.577,5212.156,5226.686,,
42779,5256.815,5167.963,5185.877,5196.577,5212.156,5226.686,5256.815,,
42780,5271.072,5185.877,5196.577,5212.156,5226.686,5256.815,5271.072,,
42781,5302.393,5196.577,5212.156,5226.686,5256.815,5271.072,5302.393,,
42782,5300.639,5212.156,5226.686,5256.815,5271.072,5302.393,5300.639,,
42783,5324.721,5226.686,5256.815,5271.072,5302.393,5300.639,5324.721,,
42787,5350.725,5256.815,5271.072,5302.393,5300.639,5324.721,5350.725,,
42788,5352.134,5271.072,5302.393,5300.639,5324.721,5350.725,5352.134,,
42789,5332.373,5302.393,5300.639,5324.721,5350.725,5352.134,5332.373,,
42790,5343.314,5300.639,5324.721,5350.725,5352.134,5332.373,5343.314,,
42793,5347.549,5324.721,5350.725,5352.134,5332.373,5343.314,5347.549,,
42794,5330.305,5350.725,5352.134,5332.373,5343.314,5347.549,5330.305,,
42795,5390.989,5352.134,5332.373,5343.314,5347.549,5330.305,5390.989,,
42796,5363.259,5332.373,5343.314,5347.549,5330.305,5390.989,5363.259,,
42797,5373.478,5343.314,5347.549,5330.305,5390.989,5363.259,5373.478,,
42800,5360.313,5347.549,5330.305,5390.989,5363.259,5373.478,5360.313,,
42801,5351.281,5330.305,5390.989,5363.259,5373.478,5360.313,5351.281,,
42802,5359.805,5390.989,5363.259,5373.478,5360.313,5351.281,5359.805,,
42803,5363.982,5363.259,5373.478,5360.313,5351.281,5359.805,5363.982,,
42804,5385.899,5373.478,5360.313,5351.281,5359.805,5363.982,5385.899,,
42807,5394.573,5360.313,5351.281,5359.805,5363.982,5385.899,5394.573,,
42808,5382.167,5351.281,5359.805,5363.982,5385.899,5394.573,5382.167,,
42809,5416.252,5359.805,5363.982,5385.899,5394.573,5382.167,5416.252,,
42810,5412.08,5363.982,5385.899,5394.573,5382.167,5416.252,5412.08,,
42811,5408.764,5385.899,5394.573,5382.167,5416.252,5412.08,5408.764,,
42814,5413.308,5394.573,5382.167,5416.252,5412.08,5408.764,5413.308,,
42815,5332.533,5382.167,5416.252,5412.08,5408.764,5413.308,5332.533,,
42816,5367.555,5416.252,5412.08,5408.764,5413.308,5332.533,5367.555,,
42817,5355.143,5412.08,5408.764,5413.308,5332.533,5367.555,5355.143,,
42818,5363.996,5408.764,5413.308,5332.533,5367.555,5355.143,5363.996,,
42821,5374.273,5413.308,5332.533,5367.555,5355.143,5363.996,5374.273,,
42822,5407.208,5332.533,5367.555,5355.143,5363.996,5374.273,5407.208,,
42823,5430.268,5367.555,5355.143,5363.996,5374.273,5407.208,5430.268,,
42824,5439.742,5355.143,5363.996,5374.273,5407.208,5430.268,5439.742,,
42825,5436.232,5363.996,5374.273,5407.208,5430.268,5439.742,5436.232,,
42828,5432.2,5374.273,5407.208,5430.268,5439.742,5436.232,5432.2,,
42829,5440.407,5407.208,5430.268,5439.742,5436.232,5432.2,5440.407,,
42830,5418.524,5430.268,5439.742,5436.232,5432.2,5440.407,5418.524,,
42831,5420.88,5439.742,5436.232,5432.2,5440.407,5418.524,5420.88,,
42832,5418.37,5436.232,5432.2,5440.407,5418.524,5420.88,5418.37,,
42835,5421.679,5432.2,5440.407,5418.524,5420.88,5418.37,5421.679,,
42836,5398.399,5440.407,5418.524,5420.88,5418.37,5421.679,5398.399,,
42837,5377.03,5418.524,5420.88,5418.37,5421.679,5398.399,5377.03,,
42838,5353.586,5420.88,5418.37,5421.679,5398.399,5377.03,5353.586,,
42842,5399.196,5418.37,5421.679,5398.399,5377.03,5353.586,5399.196,,
42843,5391.656,5421.679,5398.399,5377.03,5353.586,5399.196,5391.656,,
42844,5399.636,5398.399,5377.03,5353.586,5399.196,5391.656,5399.636,,
42845,5443.532,5377.03,5353.586,5399.196,5391.656,5399.636,5443.532,,
42846,5442.049,5353.586,5399.196,5391.656,5399.636,5443.532,5442.049,,
42849,5508.033,5399.196,5391.656,5399.636,5443.532,5442.049,5508.033,,
42850,5548.194,5391.656,5399.636,5443.532,5442.049,5508.033,5548.194,,
42851,5541.086,5399.636,5443.532,5442.049,5508.033,5548.194,5541.086,,
42852,5571.283,5443.532,5442.049,5508.033,5548.194,5541.086,5571.283,,
42853,5583.53,5442.049,5508.033,5548.194,5541.086,5571.283,5583.53,,
42856,5629.632,5508.033,5548.194,5541.086,5571.283,5583.53,5629.632,,
42857,5644.068,5548.194,5541.086,5571.283,5583.53,5629.632,5644.068,,
42858,5625.158,5541.086,5571.283,5583.53,5629.632,5644.068,5625.158,,
42859,5626.316,5571.283,5583.53,5629.632,5644.068,5625.158,5626.316,,
42860,5646.094,5583.53,5629.632,5644.068,5625.158,5626.316,5646.094,,
42863,5659.069,5629.632,5644.068,5625.158,5626.316,5646.094,5659.069,,
42864,5678.31,5644.068,5625.158,5626.316,5646.094,5659.069,5678.31,,
42865,5681.68,5625.158,5626.316,5646.094,5659.069,5678.31,5681.68,,
42866,5674.218,5626.316,5646.094,5659.069,5678.31,5681.68,5674.218,,
42867,5686.81,5646.094,5659.069,5678.31,5681.68,5674.218,5686.81,,
42870,5704.479,5659.069,5678.31,5681.68,5674.218,5686.81,5704.479,,
42871,5724.437,5678.31,5681.68,5674.218,5686.81,5704.479,5724.437,,
42872,5580.548,5681.68,5674.218,5686.81,5704.479,5724.437,5580.548,,
42873,5626.31,5674.218,5686.81,5704.479,5724.437,5580.548,5626.31,,
42874,5651.564,5686.81,5704.479,5724.437,5580.548,5626.31,5651.564,,
42877,5699.404,5704.479,5724.437,5580.548,5626.31,5651.564,5699.404,,
42878,5703.346,5724.437,5580.548,5626.31,5651.564,5699.404,5703.346,,
42879,5730.301,5580.548,5626.31,5651.564,5699.404,5703.346,5730.301,,
42880,5778.375,5626.31,5651.564,5699.404,5703.346,5730.301,5778.375,,
42881,5788.359,5651.564,5699.404,5703.346,5730.301,5778.375,5788.359,,
42885,5794.632,5699.404,5703.346,5730.301,5778.375,5788.359,5794.632,,
42886,5788.802,5703.346,5730.301,5778.375,5788.359,5794.632,5788.802,,
42887,5816.512,5730.301,5778.375,5788.359,5794.632,5788.802,5816.512,,
42888,5881.458,5778.375,5788.359,5794.632,5788.802,5816.512,5881.458,,
42891,5878.117,5788.359,5794.632,5788.802,5816.512,5881.458,5878.117,,
42892,5856.769,5794.632,5788.802,5816.512,5881.458,5878.117,5856.769,,
42893,5877.589,5788.802,5816.512,5881.458,5878.117,5856.769,5877.589,,
42894,5885.296,5816.512,5881.458,5878.117,5856.769,5877.589,5885.296,,42905
42895,5741.944,5881.458,5878.117,5856.769,5877.589,5885.296,5741.944,,42906
42898,5708.18,5878.117,5856.769,5877.589,5885.296,5741.944,5708.18,,42907
42899,5751.817,5856.769,5877.589,5885.296,5741.944,5708.18,5751.817,,42908
42900,5727.066,5877.589,5885.296,5741.944,5708.18,5751.817,5727.066,,42909
42901,5700.885,5885.296,5741.944,5708.18,5751.817,5727.066,5700.885,,42912
42902,5681.479,5741.944,5708.18,5751.817,5727.066,5700.885,5681.479,,42913
